,case_id,THRB,RNAseq,THRB_state,label
0,SMS-IC-014-0001,-0.9111,1,low,0.0
1,SMS-IC-014-0002,-0.6768,1,low,0.0
2,SMS-IC-014-0003,0.9354,1,high,1.0
3,SMS-IC-014-0004,0.4696,1,low,0.0
4,SMS-IC-014-0005,0.5475,1,low,0.0
5,SMS-IC-014-0006,0.8594,1,high,1.0
6,SMS-IC-014-0007,0.054,1,low,0.0
7,SMS-IC-014-0010,1.066,1,high,1.0
8,SMS-IC-014-0012,0.5911,1,low,0.0
9,SMS-IC-014-0014,0.5008,1,low,0.0
10,SMS-IC-014-0015,0.9393,1,high,1.0
11,SMS-IC-014-0016,-1.4051,1,low,0.0
12,SMS-IC-014-0017,0.7386,1,high,1.0
13,SMS-IC-014-0018,0.7986,1,high,1.0
14,SMS-IC-014-0019,1.0633,1,high,1.0
15,SMS-IC-014-0020,-0.8167,1,low,0.0
16,SMS-IC-014-0022,-0.7288,1,low,0.0
17,SMS-IC-014-0023,0.647,1,low,0.0
18,SMS-IC-014-0025,-0.8615,1,low,0.0
19,SMS-IC-014-0026,0.7171,1,high,1.0
20,SMS-IC-014-0027,-0.7977,1,low,0.0
21,SMS-IC-014-0028,0.857,1,high,1.0
22,SMS-IC-014-0029,-0.5916,1,low,0.0
23,SMS-IC-014-0031,0.4697,1,low,0.0
24,SMS-IC-014-0032,0.7629,1,high,1.0
25,SMS-IC-014-0033,0.7126,1,high,1.0
26,SMS-IC-014-0034,-0.0013,1,low,0.0
27,SMS-IC-014-0035,-1.2718,1,low,0.0
28,SMS-IC-014-0036,1.1316,1,high,1.0
29,SMS-IC-014-0037,-0.1507,1,low,0.0
30,SMS-IC-014-0038,0.9651,1,high,1.0
31,SMS-IC-014-0039,-0.0192,1,low,0.0
32,SMS-IC-014-0041,0.8129,1,high,1.0
33,SMS-IC-014-0042,0.6057,1,low,0.0
34,SMS-IC-014-0043,-0.7544,1,low,0.0
35,SMS-IC-014-0044,0.6961,1,high,1.0
36,SMS-IC-014-0045,-0.735,1,low,0.0
37,SMS-IC-014-0046,0.5944,1,low,0.0
38,SMS-IC-014-0047,-0.7526,1,low,0.0
39,SMS-IC-014-0048,-0.9426,1,low,0.0
40,SMS-IC-014-0050,0.7947,1,high,1.0
41,SMS-IC-014-0051,0.7357,1,high,1.0
42,SMS-IC-014-0052,0.7489,1,high,1.0
43,SMS-IC-014-0053,1.1227,1,high,1.0
44,SMS-IC-014-0054,1.043,1,high,1.0
45,SMS-IC-014-0055,-1.0947,1,low,0.0
46,SMS-IC-014-0056,0.6901,1,high,1.0
47,SMS-IC-014-0057,-0.4974,1,low,0.0
48,SMS-IC-014-0058,-1.0039,1,low,0.0
49,SMS-IC-014-0059,0.5507,1,low,0.0
50,SMS-IC-014-0061,-0.8635,1,low,0.0
51,SMS-IC-014-0062,1.0053,1,high,1.0
52,SMS-IC-014-0064,-1.174,1,low,0.0
53,SMS-IC-014-0065,-0.9187,1,low,0.0
54,SMS-IC-014-0066,0.7997,1,high,1.0
55,SMS-IC-014-0067,1.0581,1,high,1.0
56,SMS-IC-014-0068,-0.4968,1,low,0.0
57,SMS-IC-014-0069,1.0362,1,high,1.0
58,SMS-IC-014-0070,0.9566,1,high,1.0
59,SMS-IC-014-0073,-0.8013,1,low,0.0
60,SMS-IC-014-0074,-1.188,1,low,0.0
61,SMS-IC-014-0075,0.5466,1,low,0.0
62,SMS-IC-014-0077,0.8506,1,high,1.0
63,SMS-IC-014-0078,0.9197,1,high,1.0
64,SMS-IC-014-0080,-0.6995,1,low,0.0
65,SMS-IC-014-0082,-0.5108,1,low,0.0
66,SMS-IC-014-0084,-0.4796,1,low,0.0
67,SMS-IC-014-0085,0.9054,1,high,1.0
68,SMS-IC-014-0086,0.4397,1,low,0.0
69,SMS-IC-014-0087,0.1822,1,low,0.0
70,SMS-IC-014-0088,1.0379,1,high,1.0
71,SMS-IC-014-0089,0.5995,1,low,0.0
72,SMS-IC-014-0090,0.5875,1,low,0.0
73,SMS-IC-014-0091,-0.8413,1,low,0.0
74,SMS-IC-014-0092,-0.7249,1,low,0.0
75,SMS-IC-014-0093,-1.1341,1,low,0.0
76,SMS-IC-014-0094,-0.9613,1,low,0.0
77,SMS-IC-014-0095,-0.0692,1,low,0.0
78,SMS-IC-014-0096,-0.7098,1,low,0.0
79,SMS-IC-014-0097,-1.0875,1,low,0.0
80,SMS-IC-014-0098,0.9839,1,high,1.0
81,SMS-IC-014-0099,1.032,1,high,1.0
82,SMS-IC-014-0100,1.0818,1,high,1.0
83,SMS-IC-014-0101,0.8312,1,high,1.0
84,SMS-IC-014-0102,0.6412,1,low,0.0
85,SMS-IC-014-0103,1.0649,1,high,1.0
86,SMS-IC-014-0104,-0.1085,1,low,0.0
87,SMS-IC-014-0105,1.0449,1,high,1.0
88,SMS-IC-014-0106,0.6555,1,low,0.0
89,SMS-IC-014-1021,0.8469,1,high,1.0
90,SMS-IC-014-1022,-1.0722,1,low,0.0
91,SMS-IC-014-1023,-0.9345,1,low,0.0
92,SMS-IC-014-1024,0.9137,1,high,1.0
93,SMS-IC-014-1025,0.5966,1,low,0.0
94,SMS-IC-014-1026,0.2097,1,low,0.0
95,SMS-IC-014-1027,0.886,1,high,1.0
96,SMS-IC-014-1028,1.0409,1,high,1.0
97,SMS-IC-014-1029,-0.8481,1,low,0.0
98,SMS-IC-014-1030,-0.7019,1,low,0.0
99,SMS-IC-014-1032,-0.9658,1,low,0.0
100,SMS-IC-014-1034,-0.4877,1,low,0.0
101,SMS-IC-014-1037,0.8933,1,high,1.0
102,SMS-IC-014-1038,-1.0657,1,low,0.0
103,SMS-IC-014-1040,0.5598,1,low,0.0
104,SMS-IC-014-1041,0.857,1,high,1.0
105,SMS-IC-014-1042,-0.1576,1,low,0.0
106,SMS-IC-014-1045,0.1301,1,low,0.0
107,SMS-IC-014-1048,1.1216,1,high,1.0
108,SMS-IC-014-1049,-1.3777,1,low,0.0
109,SMS-IC-014-1051,0.7108,1,high,1.0
110,SMS-IC-014-1052,1.1072,1,high,1.0
111,SMS-IC-014-1053,-0.9208,1,low,0.0
112,SMS-IC-014-1057,0.972,1,high,1.0
113,SMS-IC-014-1058,0.5512,1,low,0.0
114,SMS-IC-014-1059,-1.1523,1,low,0.0
115,SMS-IC-014-1060,-0.5856,1,low,0.0
116,SMS-IC-014-1061,1.2133,1,high,1.0
117,SMS-IC-014-1063,-1.4163,1,low,0.0
118,SMS-IC-014-1065,0.8108,1,high,1.0
119,SMS-IC-014-1074,0.7894,1,high,1.0
120,SMS-IC-014-1075,0.6991,1,high,1.0
121,SMS-IC-014-1082,-1.226,1,low,0.0
122,SMS-IC-014-1086,1.1766,1,high,1.0
123,SMS-IC-014-1101,-0.8961,1,low,0.0
124,SMS-IC-014-1102,1.0624,1,high,1.0
125,SMS-IC-014-1105,1.0057,1,high,1.0
126,SMS-IC-014-1108,0.0671,1,low,0.0
127,SMS-IC-014-1116,-1.0012,1,low,0.0
128,SMS-IC-014-1124,0.1015,1,low,0.0
129,SMS-IC-014-1130,0.9332,1,high,1.0
130,SMS-IC-014-1136,0.943,1,high,1.0
131,SMS-IC-014-1142,-1.2623,1,low,0.0
132,SMS-IC-014-1144,0.8402,1,high,1.0
133,SMS-IC-014-1145,-1.1567,1,low,0.0
134,SMS-IC-014-1146,1.1311,1,high,1.0
135,SMS-IC-014-1149,-0.9123,1,low,0.0
136,SMS-IC-014-1150,0.8496,1,high,1.0
137,SMS-IC-014-1151,-1.3453,1,low,0.0
138,SMS-IC-014-1152,-0.858,1,low,0.0
139,SMS-IC-014-1153,0.9465,1,high,1.0
140,SMS-IC-014-1162,0.111,1,low,0.0
141,SMS-IC-014-1164,1.1171,1,high,1.0
142,SMS-IC-014-1170,0.916,1,high,1.0
143,SMS-IC-014-1179,-0.7011,1,low,0.0
144,SMS-IC-014-1195,1.1021,1,high,1.0
145,SMS-IC-014-1197,-0.5704,1,low,0.0
146,SMS-IC-014-1199,0.0739,1,low,0.0
147,SMS-IC-014-1201,-1.2123,1,low,0.0
148,SMS-IC-014-1203,0.1365,1,low,0.0
149,SMS-IC-014-1204,-1.1588,1,low,0.0
150,SMS-IC-014-1206,-0.6176,1,low,0.0
151,SMS-IC-014-1207,0.782,1,high,1.0
152,SMS-IC-014-1213,-0.1757,1,low,0.0
153,SMS-IC-014-1218,0.4577,1,low,0.0
154,SMS-IC-014-1222,0.437,1,low,0.0
155,SMS-IC-014-1224,-0.5123,1,low,0.0
156,SMS-IC-014-1231,-0.5213,1,low,0.0
157,SMS-IC-014-1233,-0.5226,1,low,0.0
158,SMS-IC-014-1234,1.01,1,high,1.0
159,SMS-IC-014-1235,-0.019,1,low,0.0
160,SMS-IC-014-1237,0.8571,1,high,1.0
161,SMS-IC-014-1240,0.8564,1,high,1.0
162,SMS-IC-014-1244,0.2162,1,low,0.0
163,SMS-IC-014-1245,-1.1326,1,low,0.0
164,SMS-IC-014-1248,0.893,1,high,1.0
165,SMS-IC-014-1252,0.5314,1,low,0.0
166,SMS-IC-014-1260,-1.2226,1,low,0.0
167,SMS-IC-014-1261,0.6905,1,high,1.0
168,SMS-IC-014-1263,0.8527,1,high,1.0
169,SMS-IC-014-1267,1.1261,1,high,1.0
170,SMS-IC-014-1277,-1.2335,1,low,0.0
171,SMS-IC-014-1282,0.6503,1,low,0.0
172,SMS-IC-014-1283,-0.1232,1,low,0.0
173,SMS-IC-014-1287,0.9015,1,high,1.0
174,SMS-IC-014-1289,0.4601,1,low,0.0
175,SMS-IC-014-1295,-0.7214,1,low,0.0
176,SMS-IC-014-1297,-0.9087,1,low,0.0
177,SMS-IC-014-1298,1.0724,1,high,1.0
178,SMS-IC-014-1300,1.0026,1,high,1.0
179,SMS-IC-014-1307,1.0521,1,high,1.0
180,SMS-IC-014-1309,0.8242,1,high,1.0
181,SMS-IC-014-1310,-1.1793,1,low,0.0
182,SMS-IC-014-1311,1.1526,1,high,1.0
183,SMS-IC-014-1314,-0.8441,1,low,0.0
184,SMS-IC-014-1315,1.0051,1,high,1.0
185,SMS-IC-014-1320,0.0523,1,low,0.0
186,SMS-IC-014-1322,-0.6931,1,low,0.0
187,SMS-IC-014-1323,0.6003,1,low,0.0
188,SMS-IC-014-1324,1.0156,1,high,1.0
189,SMS-IC-014-1328,0.9042,1,high,1.0
190,SMS-IC-014-1329,0.9109,1,high,1.0
191,SMS-IC-014-1331,0.9989,1,high,1.0
192,SMS-IC-014-1335,0.7748,1,high,1.0
193,SMS-IC-014-1337,-0.908,1,low,0.0
194,SMS-IC-014-1341,-0.9662,1,low,0.0
195,SMS-IC-014-1349,1.0897,1,high,1.0
196,SMS-IC-014-1355,0.9149,1,high,1.0
197,SMS-IC-014-1358,-0.1408,1,low,0.0
198,SMS-IC-014-1365,-0.7605,1,low,0.0
199,SMS-IC-014-1368,0.6136,1,low,0.0
200,SMS-IC-014-1371,-0.5887,1,low,0.0
201,SMS-IC-014-1373,1.0137,1,high,1.0
202,SMS-IC-014-1375,-1.3817,1,low,0.0
203,SMS-IC-014-1377,1.0968,1,high,1.0
204,SMS-IC-014-1380,-1.0387,1,low,0.0
205,SMS-IC-014-1381,0.5294,1,low,0.0
206,SMS-IC-014-1384,0.0893,1,low,0.0
207,SMS-IC-014-1388,-0.6774,1,low,0.0
208,SMS-IC-014-1389,0.0825,1,low,0.0
209,SMS-IC-014-1390,-0.3923,1,low,0.0
210,SMS-IC-014-1391,-0.0276,1,low,0.0
211,SMS-IC-014-1392,0.9003,1,high,1.0
212,SMS-IC-014-1399,1.0457,1,high,1.0
213,SMS-IC-014-1400,0.8493,1,high,1.0
214,SMS-IC-014-1401,-0.2175,1,low,0.0
215,SMS-IC-014-1402,0.6548,1,low,0.0
216,SMS-IC-014-1404,-0.4803,1,low,0.0
217,SMS-IC-014-1405,-0.8487,1,low,0.0
218,SMS-IC-014-1416,-0.8111,1,low,0.0
219,SMS-IC-014-1421,0.164,1,low,0.0
220,SMS-IC-014-1424,0.4987,1,low,0.0
221,SMS-IC-014-1426,-1.2086,1,low,0.0
222,SMS-IC-014-1427,-1.1718,1,low,0.0
223,SMS-IC-014-1428,-0.0204,1,low,0.0
224,SMS-IC-014-1431,-0.9234,1,low,0.0
225,SMS-IC-014-1435,1.0878,1,high,1.0
226,SMS-IC-014-1438,0.6264,1,low,0.0
227,SMS-IC-014-1440,-1.0944,1,low,0.0
228,SMS-IC-014-1479,1.0849,1,high,1.0
229,SMS-IC-014-1481,-0.012,1,low,0.0
230,SMS-IC-014-1483,-0.3615,1,low,0.0
231,SMS-IC-014-1487,-0.9667,1,low,0.0
232,SMS-IC-014-1490,-0.5623,1,low,0.0
233,SMS-IC-014-1496,-1.2174,1,low,0.0
234,SMS-IC-014-1498,0.0761,1,low,0.0
235,SMS-IC-014-1499,0.9999,1,high,1.0
236,SMS-IC-014-1500,1.1136,1,high,1.0
237,SMS-IC-014-1501,-0.5359,1,low,0.0
238,SMS-IC-014-1502,-0.04,1,low,0.0
239,SMS-IC-014-1504,0.7804,1,high,1.0
240,SMS-IC-014-1505,-0.6694,1,low,0.0
241,SMS-IC-014-1506,0.0001,1,low,0.0
242,SMS-IC-014-1507,1.1168,1,high,1.0
243,SMS-IC-014-1508,1.0444,1,high,1.0
244,SMS-IC-014-1509,1.0695,1,high,1.0
245,SMS-IC-014-1510,0.5192,1,low,0.0
246,SMS-IC-014-1511,0.7373,1,high,1.0
247,SMS-IC-014-1512,-0.9424,1,low,0.0
248,SMS-IC-014-1513,0.7614,1,high,1.0
249,SMS-IC-014-1514,-0.7227,1,low,0.0
250,SMS-IC-014-1515,0.9732,1,high,1.0
251,SMS-IC-014-1516,-0.5904,1,low,0.0
252,SMS-IC-014-1517,0.5221,1,low,0.0
253,SMS-IC-014-1518,-0.0674,1,low,0.0
254,SMS-IC-014-1519,-0.9143,1,low,0.0
255,SMS-IC-014-1520,0.6768,1,high,1.0
256,SMS-IC-014-1521,-0.5732,1,low,0.0
257,SMS-IC-014-1523,0.7633,1,high,1.0
258,SMS-IC-014-1524,-0.9838,1,low,0.0
259,SMS-IC-014-1525,0.7906,1,high,1.0
260,SMS-IC-014-1526,1.0015,1,high,1.0
261,SMS-IC-014-1527,0.8954,1,high,1.0
262,SMS-IC-014-1528,0.6143,1,low,0.0
263,SMS-IC-014-1529,0.7255,1,high,1.0
264,SMS-IC-014-1530,-1.3406,1,low,0.0
265,SMS-IC-014-1531,0.8137,1,high,1.0
266,SMS-IC-014-1532,0.35,1,low,0.0
267,SMS-IC-014-1533,0.768,1,high,1.0
268,SMS-IC-014-1534,0.8812,1,high,1.0
269,SMS-IC-014-1535,0.5439,1,low,0.0
270,SMS-IC-014-1536,0.5794,1,low,0.0
271,SMS-IC-014-1537,0.6797,1,high,1.0
272,SMS-IC-014-1539,0.4692,1,low,0.0
273,SMS-IC-014-1541,-0.9843,1,low,0.0
274,SMS-IC-014-1542,1.0141,1,high,1.0
275,SMS-IC-014-1543,-0.758,1,low,0.0
276,SMS-IC-014-1546,-1.0376,1,low,0.0
277,SMS-IC-014-1547,-0.061,1,low,0.0
278,SMS-IC-014-1548,-1.0687,1,low,0.0
279,SMS-IC-014-1550,0.7142,1,high,1.0
280,SMS-IC-014-1551,0.6138,1,low,0.0
281,SMS-IC-014-1552,-0.6852,1,low,0.0
282,SMS-IC-014-1553,-0.6523,1,low,0.0
283,SMS-IC-014-1555,-0.951,1,low,0.0
284,SMS-IC-014-1556,-0.7003,1,low,0.0
285,SMS-IC-014-1557,0.7828,1,high,1.0
286,SMS-IC-014-1558,0.6796,1,high,1.0
287,SMS-IC-014-1559,-0.7655,1,low,0.0
288,SMS-IC-014-1560,0.4796,1,low,0.0
289,SMS-IC-014-1561,-0.9866,1,low,0.0
290,SMS-IC-014-1562,0.8296,1,high,1.0
291,SMS-IC-014-1564,0.051,1,low,0.0
292,SMS-IC-014-1566,-0.8381,1,low,0.0
293,SMS-IC-014-1567,-1.0895,1,low,0.0
294,SMS-IC-014-1569,-0.6486,1,low,0.0
295,SMS-IC-014-1570,0.9603,1,high,1.0
296,SMS-IC-014-1575,0.416,1,low,0.0
297,SMS-IC-014-1578,-0.2102,1,low,0.0
298,SMS-IC-014-1579,-1.3818,1,low,0.0
299,SMS-IC-014-1580,-0.5717,1,low,0.0
300,SMS-IC-014-1581,0.5431,1,low,0.0
301,SMS-IC-014-1583,-0.9203,1,low,0.0
302,SMS-IC-014-1585,-1.3261,1,low,0.0
303,SMS-IC-014-1587,-1.1654,1,low,0.0
304,SMS-IC-014-1588,-0.566,1,low,0.0
305,SMS-IC-014-1590,-0.5733,1,low,0.0
306,SMS-IC-014-1591,0.7852,1,high,1.0
307,SMS-IC-014-1592,0.7716,1,high,1.0
308,SMS-IC-014-1593,0.9241,1,high,1.0
309,SMS-IC-014-1598,1.1165,1,high,1.0
310,SMS-IC-014-1602,-0.9967,1,low,0.0
311,SMS-IC-014-1603,-0.6766,1,low,0.0
312,SMS-IC-014-1604,-1.0461,1,low,0.0
313,SMS-IC-014-1605,0.4924,1,low,0.0
314,SMS-IC-014-1606,0.6414,1,low,0.0
315,SMS-IC-014-1607,-0.4701,1,low,0.0
316,SMS-IC-014-1608,-1.3156,1,low,0.0
317,SMS-IC-014-1609,-0.9558,1,low,0.0
318,SMS-IC-014-1610,-0.8061,1,low,0.0
319,SMS-IC-014-1611,-0.6011,1,low,0.0
320,SMS-IC-014-1613,0.5216,1,low,0.0
321,SMS-IC-014-1614,0.7343,1,high,1.0
322,SMS-IC-014-1615,0.9249,1,high,1.0
323,SMS-IC-014-1616,0.5976,1,low,0.0
324,SMS-IC-014-1617,-0.1125,1,low,0.0
325,SMS-IC-014-1618,0.4079,1,low,0.0
326,SMS-IC-014-1619,0.8535,1,high,1.0
327,SMS-IC-014-1620,0.43,1,low,0.0
328,SMS-IC-014-1621,0.9424,1,high,1.0
329,SMS-IC-014-1640,-1.0401,1,low,0.0
330,SMS-IC-014-1643,0.9882,1,high,1.0
331,SMS-IC-014-1644,0.0182,1,low,0.0
332,SMS-IC-014-1645,0.9393,1,high,1.0
333,SMS-IC-014-1646,-0.7344,1,low,0.0
334,SMS-IC-014-1647,0.0525,1,low,0.0
335,SMS-IC-014-1648,1.0445,1,high,1.0
336,SMS-IC-014-1650,0.5278,1,low,0.0
337,SMS-IC-014-1651,-1.1875,1,low,0.0
338,SMS-IC-014-1653,0.053,1,low,0.0
339,SMS-IC-014-1654,0.0247,1,low,0.0
340,SMS-IC-014-1655,0.6269,1,low,0.0
341,SMS-IC-014-1656,-0.5042,1,low,0.0
342,SMS-IC-014-1657,0.6361,1,low,0.0
343,SMS-IC-014-1658,-0.7958,1,low,0.0
344,SMS-IC-014-1659,0.797,1,high,1.0
345,SMS-IC-014-1660,-1.333,1,low,0.0
346,SMS-IC-014-1661,0.9506,1,high,1.0
347,SMS-IC-014-1662,-0.957,1,low,0.0
348,SMS-IC-014-1663,0.5193,1,low,0.0
349,SMS-IC-014-1664,0.4734,1,low,0.0
350,SMS-IC-014-1665,-0.5789,1,low,0.0
351,SMS-IC-014-2001,0.9974,1,high,1.0
352,SMS-IC-014-2009,-0.6132,1,low,0.0
353,SMS-IC-014-2014,0.4472,1,low,0.0
354,SMS-IC-014-2017,-0.9618,1,low,0.0
355,SMS-IC-014-2018,-0.9581,1,low,0.0
356,SMS-IC-014-2020,0.9245,1,high,1.0
357,SMS-IC-014-2022,0.6338,1,low,0.0
358,SMS-IC-014-2039,0.9108,1,high,1.0
359,SMS-IC-014-2040,-0.4919,1,low,0.0
360,SMS-IC-014-2041,1.1083,1,high,1.0
361,SMS-IC-014-2043,0.5547,1,low,0.0
362,SMS-IC-014-2044,0.0359,1,low,0.0
363,SMS-IC-014-2048,0.8399,1,high,1.0
364,SMS-IC-014-2050,0.0596,1,low,0.0
365,SMS-IC-014-2054,0.3387,1,low,0.0
366,SMS-IC-014-2055,0.2244,1,low,0.0
367,SMS-IC-014-2058,0.7125,1,high,1.0
368,SMS-IC-014-2059,-1.0951,1,low,0.0
369,SMS-IC-014-2062,0.5509,1,low,0.0
370,SMS-IC-014-2063,-1.1559,1,low,0.0
371,SMS-IC-014-2065,-0.7921,1,low,0.0
372,SMS-IC-014-2067,-0.0565,1,low,0.0
373,SMS-IC-014-2068,1.0014,1,high,1.0
374,SMS-IC-014-2069,0.5131,1,low,0.0
375,SMS-IC-014-2073,-0.9543,1,low,0.0
376,SMS-IC-014-2074,0.7123,1,high,1.0
377,SMS-IC-014-2075,-1.2945,1,low,0.0
378,SMS-IC-014-2077,-1.0452,1,low,0.0
379,SMS-IC-014-2078,0.0299,1,low,0.0
380,SMS-IC-014-2081,-1.14,1,low,0.0
381,SMS-IC-014-2082,-0.1642,1,low,0.0
382,SMS-IC-014-2083,0.0988,1,low,0.0
383,SMS-IC-014-2086,-1.2151,1,low,0.0
384,SMS-IC-014-2088,-0.4414,1,low,0.0
385,SMS-IC-014-2090,0.8332,1,high,1.0
386,SMS-IC-014-2094,-0.4763,1,low,0.0
387,SMS-IC-014-2095,0.9464,1,high,1.0
388,SMS-IC-014-2098,0.6037,1,low,0.0
389,SMS-IC-014-2099,0.8567,1,high,1.0
390,SMS-IC-014-2100,0.7544,1,high,1.0
391,SMS-IC-014-2101,-0.9698,1,low,0.0
392,SMS-IC-014-2102,0.6209,1,low,0.0
393,SMS-IC-014-2105,-0.9768,1,low,0.0
394,SMS-IC-014-2108,-0.3543,1,low,0.0
395,SMS-IC-014-2109,-0.8122,1,low,0.0
396,SMS-IC-014-2111,0.6718,1,high,1.0
397,SMS-IC-014-2113,0.802,1,high,1.0
398,SMS-IC-014-2114,-0.0881,1,low,0.0
399,SMS-IC-014-2115,-0.602,1,low,0.0
400,SMS-IC-014-2118,0.8824,1,high,1.0
401,SMS-IC-014-2120,-0.9065,1,low,0.0
402,SMS-IC-014-2121,1.0046,1,high,1.0
403,SMS-IC-014-2125,-0.4052,1,low,0.0
404,SMS-IC-014-2126,0.2025,1,low,0.0
405,SMS-IC-014-2129,-0.6348,1,low,0.0
406,SMS-IC-014-2130,-0.8755,1,low,0.0
407,SMS-IC-014-2132,-1.1385,1,low,0.0
408,SMS-IC-014-2134,0.5834,1,low,0.0
409,SMS-IC-014-2135,1.1647,1,high,1.0
410,SMS-IC-014-2136,-0.6737,1,low,0.0
411,SMS-IC-014-2137,1.0894,1,high,1.0
412,SMS-IC-014-2141,1.1644,1,high,1.0
413,SMS-IC-014-2143,-1.1788,1,low,0.0
414,SMS-IC-014-2144,0.7496,1,high,1.0
415,SMS-IC-014-2145,-0.8589,1,low,0.0
416,SMS-IC-014-2146,1.1866,1,high,1.0
417,SMS-IC-014-2148,-0.7515,1,low,0.0
418,SMS-IC-014-2149,0.9122,1,high,1.0
419,SMS-IC-014-2150,0.0693,1,low,0.0
420,SMS-IC-014-2153,-0.9143,1,low,0.0
421,SMS-IC-014-2154,0.6948,1,high,1.0
422,SMS-IC-014-2155,0.9674,1,high,1.0
423,SMS-IC-014-2156,0.8599,1,high,1.0
424,SMS-IC-014-2157,0.6301,1,low,0.0
425,SMS-IC-014-2158,-1.0024,1,low,0.0
426,SMS-IC-014-2159,0.9597,1,high,1.0
427,SMS-IC-014-2160,0.5577,1,low,0.0
428,SMS-IC-014-2161,1.133,1,high,1.0
429,SMS-IC-014-2162,1.1048,1,high,1.0
430,SMS-IC-014-2163,0.8893,1,high,1.0
431,SMS-IC-014-2164,0.7606,1,high,1.0
432,SMS-IC-014-2165,0.9854,1,high,1.0
433,SMS-IC-014-2167,0.8824,1,high,1.0
434,SMS-IC-014-2168,0.8031,1,high,1.0
435,SMS-IC-014-2175,-1.0011,1,low,0.0
436,SMS-IC-014-2177,0.0008,1,low,0.0
437,SMS-IC-014-2179,-0.9984,1,low,0.0
438,SMS-IC-014-2181,-1.2063,1,low,0.0
439,SMS-IC-014-2182,0.5647,1,low,0.0
440,SMS-IC-014-2183,0.4695,1,low,0.0
441,SMS-IC-014-2185,0.4495,1,low,0.0
442,SMS-IC-014-2186,-1.1377,1,low,0.0
443,SMS-IC-014-2187,0.5029,1,low,0.0
444,SMS-IC-014-2189,-1.2567,1,low,0.0
445,SMS-IC-014-2192,0.6109,1,low,0.0
446,SMS-IC-014-2193,-0.1365,1,low,0.0
447,SMS-IC-014-2194,1.0458,1,high,1.0
448,SMS-IC-014-2201,0.6956,1,high,1.0
449,SMS-IC-014-2202,-0.6797,1,low,0.0
450,SMS-IC-014-2206,0.492,1,low,0.0
451,SMS-IC-014-2207,0.7417,1,high,1.0
452,SMS-IC-014-2208,-0.6393,1,low,0.0
453,SMS-IC-014-2209,0.4995,1,low,0.0
454,SMS-IC-014-2214,0.7928,1,high,1.0
455,SMS-IC-014-2216,0.8951,1,high,1.0
456,SMS-IC-014-2217,-0.8598,1,low,0.0
457,SMS-IC-014-2218,-0.9789,1,low,0.0
458,SMS-IC-014-2220,0.6076,1,low,0.0
459,SMS-IC-014-2221,1.0041,1,high,1.0
460,SMS-IC-014-2222,0.7933,1,high,1.0
461,SMS-IC-014-2223,0.5824,1,low,0.0
462,SMS-IC-014-2225,0.9093,1,high,1.0
463,SMS-IC-014-2226,0.6276,1,low,0.0
464,SMS-IC-014-2228,-1.0054,1,low,0.0
465,SMS-IC-014-2229,-0.0562,1,low,0.0
466,SMS-IC-014-2230,0.2049,1,low,0.0
467,SMS-IC-014-2232,-0.9726,1,low,0.0
468,SMS-IC-014-2234,0.9158,1,high,1.0
469,SMS-IC-014-2237,-1.2417,1,low,0.0
470,SMS-IC-014-2238,1.0028,1,high,1.0
471,SMS-IC-014-2240,1.0444,1,high,1.0
472,SMS-IC-014-2241,1.1536,1,high,1.0
473,SMS-IC-014-2244,1.0416,1,high,1.0
474,SMS-IC-014-2247,0.8399,1,high,1.0
475,SMS-IC-014-2248,0.7226,1,high,1.0
476,SMS-IC-014-2250,-0.7616,1,low,0.0
477,SMS-IC-014-2251,0.8023,1,high,1.0
478,SMS-IC-014-2252,-1.2105,1,low,0.0
479,SMS-IC-014-2253,0.9727,1,high,1.0
480,SMS-IC-014-2254,0.4371,1,low,0.0
481,SMS-IC-014-2262,0.7944,1,high,1.0
482,SMS-IC-014-2263,-0.5991,1,low,0.0
483,SMS-IC-014-2265,0.9084,1,high,1.0
484,SMS-IC-014-2267,0.6452,1,low,0.0
485,SMS-IC-014-2268,-1.123,1,low,0.0
486,SMS-IC-014-2269,0.8121,1,high,1.0
487,SMS-IC-014-2270,1.1314,1,high,1.0
488,SMS-IC-014-2272,0.375,1,low,0.0
489,SMS-IC-014-2273,-0.1369,1,low,0.0
490,SMS-IC-014-2274,-1.2106,1,low,0.0
491,SMS-IC-014-2276,-0.0557,1,low,0.0
492,SMS-IC-014-2277,-0.6969,1,low,0.0
493,SMS-IC-014-2280,0.956,1,high,1.0
494,SMS-IC-014-2281,0.0637,1,low,0.0
495,SMS-IC-014-2282,0.7445,1,high,1.0
496,SMS-IC-014-2283,-0.863,1,low,0.0
497,SMS-IC-014-2284,0.6515,1,low,0.0
498,SMS-IC-014-2285,0.8911,1,high,1.0
499,SMS-IC-014-2286,-1.2925,1,low,0.0
500,SMS-IC-014-2287,0.3054,1,low,0.0
501,SMS-IC-014-2288,-0.5899,1,low,0.0
502,SMS-IC-014-2289,-0.9364,1,low,0.0
503,SMS-IC-014-2290,1.0114,1,high,1.0
504,SMS-IC-014-2291,-1.147,1,low,0.0
505,SMS-IC-014-2292,0.8169,1,high,1.0
506,SMS-IC-014-2293,0.5161,1,low,0.0
507,SMS-IC-014-2294,0.577,1,low,0.0
