case_id,label,survival_month,censorship,s_case_id,died_within_5_years,days_till_death,crc_primary_cause_of_death,age_at_diagnosis,sex,site_of_tumour,site_of_tumour_grouping,kras_ex_2,kras_ex_3,kras_codon_117,nras_ex_2,nras_ex_3,braf_mutant_status,mmr_ihc,mmr_loss_binary,primary_metastatic,stage,stage_subgroup,pT,pN,pM,tumour_type,differentiation,peri_surface_involved,distance_to_peritoneum_macroscopic_measurement,em_lvi,em_lvi_notes,pre-op_radio,pre-op_chemo
SR386_40X_HE_T001_01,1,23.357,0,1,1.0,711,,91,F,lower rectum,rectum,M (G12D),WT,WT,WT,WT,WT,NO LOSS,0,P,1,1,pT2,NX,MX,,,,,,Intramural venous,,
SR386_40X_HE_T003_01,1,21.353,0,3,1.0,650,,82,M,sigmoid,sigmoid colon,M (G12S),WT,WT,WT,WT,WT,NO LOSS,0,P,1,1,pT2,N0,,A/C,Mod,,1mm,N,,-,-
SR386_40X_HE_T006_01,3,65.703,1,6,0.0,Alive,,58,F,sigmoid,sigmoid colon,WT,WT,WT,WT,WT,WT,NO LOSS,0,P,2,2A,pT3,N0,MX,A/C,Mod,N,4mm,N,Intramural venous,-,-
SR386_40X_HE_T007_01,3,61.892,0,7,1.0,1884,,64,M,rectosigmoid,rectum,WT,WT,WT,WT,FAIL,WT,NO LOSS,0,P,2,2B,pT4b,N0,,A/C,Mod,Y,,Y,Venous,-,-
SR386_40X_HE_T010_01,3,65.703,1,10,0.0,Alive,,79,F,caecum,caecum,M (G12C),WT,FAIL,WT,FAIL,WT,NO LOSS,0,P,2,2A,pT3,N0,,A/C,Mod,N,1mm,N,,-,-
SR386_40X_HE_T013_01,3,65.703,1,13,0.0,Alive,,76,M,rectosigmoid,rectum,WT,M (Q61R),WT,WT,WT,WT,NO LOSS,0,P,2,2A,pT3,N0,,A/C,Mod,N,>5mm,N,,Y,N
SR386_40X_HE_T014_01,3,65.703,1,14,0.0,Alive,,73,F,upper rectum,rectum,WT,WT,WT,WT,WT,WT,NO LOSS,0,P,1,1,pT2,N0,,A/C,Mod,N,8mm,N,Intramural venous,N,-
SR386_40X_HE_T015_01,1,11.991,0,15,1.0,365,,67,M,rectosigmoid,rectum,WT,WT,WT,WT,WT,WT,NO LOSS,0,P,1,1,ypT2,N0,,A/C,Mod,N,,N,,N,Y
SR386_40X_HE_T016_01,3,65.703,1,16,0.0,Alive,,75,M,rectum,rectum,WT,WT,WT,WT,WT,WT,NO LOSS,0,P,1,1,pT2,N0,,A/C,Mod,N,,N,,-,-
SR386_40X_HE_T017_01,3,60.841,0,17,1.0,1852,,78,F,splenic flexure,splenic flexure,WT,WT,WT,WT,WT,WT,"MLH1, PMS2 LOSS",1,P,2,2A,pT3,N0,,A/C (focally mucinous),Mod,N,1.5mm,N,,-,-
SR386_40X_HE_T018_01,0,7.063,0,18,1.0,215,,76,F,rectosigmoid,rectum,WT,WT,WT,WT,WT,WT,NO LOSS,0,P,2,2A,ypT3,N0,,A/C,Mod,N,Not assessed,N,,N,Y
SR386_40X_HE_T019_01,3,65.703,1,19,0.0,Alive,,70,M,lower rectum,rectum,M (G12C),WT,WT,WT,WT,WT,NO LOSS,0,P,2,2A,ypT3,N0,,A/C (medullary like features),Poor (areas of moderate),Not identified,>10mm,N,,N,Y
SR386_40X_HE_T020_01,3,65.703,1,20,0.0,Alive,,58,M,rectum,rectum,WT,WT,WT,WT,WT,WT,NO LOSS,0,P,3,3A,pT2,N1,,A/C,Mod,N,,N,Intramural venous,Y,N
SR386_40X_HE_T022_01,3,65.703,1,22,0.0,Alive,,63,F,ascending colon,ascending colon,WT,WT,WT,WT,WT,M (V600E),"MLH1, PMS2 LOSS",1,P,2,2A,pT3,N0,,A/C (mucinous),Mod,N,0.4mm,N,Intramural venous,-,-
SR386_40X_HE_T024_01,3,65.703,1,24,0.0,Alive,,43,M,sigmoid colon,sigmoid colon,WT,WT,WT,WT,WT,WT,NO LOSS,0,P,2,2A,pT3,N0,,A/C,Mod,N,0.6mm,Y,Lymphatic,-,-
SR386_40X_HE_T027_01,2,28.647,0,27,1.0,872,1.0,65,F,caecum,caecum,M (G12V),WT,WT,WT,WT,WT,NO LOSS,0,P,2,2B,pT4,N0,,A/C (mucinous),Well (focally mod),Y,,N,,-,-
SR386_40X_HE_T028_01,3,53.449,0,28,1.0,1627,1.0,61,M,rectum,rectum,WT,WT,WT,WT,WT,WT,NO LOSS,0,P,2,2A,pT3,N0,,A/C,Mod,N,0.8mm,Y,Venous,N,N
SR386_40X_HE_T030_01,3,65.703,1,30,0.0,Alive,,69,F,splenic flexure,splenic flexure,WT,WT,WT,WT,WT,M (V600E),NO LOSS,0,P,2,2A,pT3,N0,,A/C (mucinous),Mod,N,Approx 6mm,Not identified,,-,-
SR386_40X_HE_T032_01,3,65.703,1,32,0.0,Alive,,64,M,rectum,rectum,WT,WT,WT,WT,WT,WT,NO LOSS,0,P,2,2A,pT3,N0,,A/C,Mod,N,,Y,Venous,-,-
SR386_40X_HE_T033_01,3,65.703,1,33,0.0,Alive,,71,F,ascending colon,ascending colon,WT,WT,WT,WT,WT,M (V600E),NO LOSS,0,P,2,2A,pT3,N0,,A/C,Mod,N,1.6mm,N,,-,-
SR386_40X_HE_T034_01,3,65.703,1,34,0.0,Alive,,83,M,caecum,caecum,WT,WT,WT,WT,FAIL,WT,NO LOSS,0,P,3,3B,pT3,N1,,A/C,Mod (focally poor),N,0.6mm,N,Intramural venous,-,-
SR386_40X_HE_T035_01,3,65.703,1,35,0.0,Alive,,63,M,rectosigmoid,rectum,M (G12D),WT,FAIL,WT,WT,WT,NO LOSS,0,P,2,2A,pT3,N0,,A/C,Mod,N,2mm,N,,-,-
SR386_40X_HE_T036_01,3,65.703,1,36,0.0,Alive,,75,F,sigmoid colon,sigmoid colon,M (G12A),WT,WT,WT,WT,WT,NO LOSS,0,P,3,3B,pT3,N1,,A/C,Mod,N,6mm,N,Intramural venous,-,-
SR386_40X_HE_T037_01,0,9.757,0,37,1.0,297,1.0,80,F,caecum,caecum,M (G12D),WT,WT,WT,WT,WT,NO LOSS,0,P,3C,3C,pT4,N2,,A/C,Mod,Y,0mm,Y,venous invasion,-,-
SR386_40X_HE_T038_01,3,65.703,1,38,0.0,Alive,,87,F,rectum,rectum,WT,WT,WT,WT,WT,WT,NO LOSS,0,P,3,3A,pT2,N1,,A/C,Mod,N,Not measured,N,Suspicious foci of lynphatic invasion,-,N
SR386_40X_HE_T039_01,3,65.703,1,39,0.0,Alive,,60,F,left colon,descending colon,M (G12D),WT,WT,WT,WT,WT,NO LOSS,0,P,3C,3C,pT2,N2,,A/C,Mod (foci of poor at invasive front),Not identified,3mm,N,,-,-
SR386_40X_HE_T040_01,3,65.703,1,40,0.0,Alive,,67,M,transverse colon,transverse colon,WT,WT,WT,WT,WT,M (V600E),"MLH1, PMS2 LOSS",1,P,2,2A,pT3,N0,,A/C (mucinous),Poor,N,2.5mm,N,,-,-
SR386_40X_HE_T041_01,1,23.259,0,41,1.0,708,,74,F,ascending colon,ascending colon,WT,WT,WT,WT,WT,M (V600E) - LOW LEVEL ,NO LOSS,0,P,3,3B,pT3,N1,,A/C (mucinous with signet ring differentiation),Poor,N,1.75mm,N,,-,-
SR386_40X_HE_T042_01,3,65.703,1,42,0.0,Alive,,82,F,caecum,caecum,M (G13D),WT,WT,WT,WT,WT,NO LOSS,0,P,2,2A,pT3,N0,,A/C,Well,N,0.7mm,N,,-,-
SR386_40X_HE_T043_01,3,65.703,1,43,0.0,Alive,,49,M,rectum,rectum,M (G12D),WT,WT,WT,WT,WT,NO LOSS,0,P,3,3A,pT2,N1,,A/C (mucinous),Mod,N,4mm,N,,N,N
SR386_40X_HE_T044_01,1,16.754,0,44,1.0,510,,85,M,ascending colon,ascending colon,WT,WT,WT,WT,WT,M (V600E),"MLH1, PMS2 LOSS",1,P,2,2A,pT3,N0,,A/C,Mod (focally poor),N,0.5mm,Y,Venous,-,-
SR386_40X_HE_T046_01,3,65.703,1,46,0.0,Alive,,76,F,rectum,rectum,WT,WT,WT,WT,FAIL,WT,NO LOSS,0,P,2,2A,pT3,N0,,A/C,Mod (predominantly),Not identified,>10mm,N,Intramural venous,-,-
SR386_40X_HE_T047_01,3,65.703,1,47,0.0,Alive,,58,F,ascending colon,ascending colon,WT,WT,WT,WT,WT,M (V600E),NO LOSS,0,P,2,2A,pT3,N0,,A/C,Mod,Not identified,0.2mm,N,focal perineural infiltration present,-,-
SR386_40X_HE_T049_01,3,65.703,1,49,0.0,Alive,,66,F,rectum,rectum,M (G12D),WT,WT,WT,WT,WT,NO LOSS,0,P,3,3A,pT2,N1,,A/C,Mod,N,Not measured,N,,N,N
SR386_40X_HE_T050_01,2,31.045,0,50,1.0,945,1.0,85,M,sigmoid colon,sigmoid colon,WT,WT,WT,WT,WT,WT,NO LOSS,0,P,3,3B,pT3,N1,,A/C,Mod,N,<0.5mm,Y,Extramural lymphatic and intramural venous,-,-
SR386_40X_HE_T051_01,3,65.703,1,51,0.0,Alive,,55,M,rectum,rectum,M (G12V),WT,WT,WT,WT,WT,NO LOSS,0,P,1,1,ypT1,N0,,A/C,Poor,N,,N,,Y,N
SR386_40X_HE_T052_01,3,65.703,1,52,0.0,Alive,,66,F,rectosigmoid,rectum,WT,WT,WT,WT,WT,WT,NO LOSS,0,P,1,1,pT2,N0,,A/C,Mod,N,3mm,N,,-,-
SR386_40X_HE_T056_01,3,65.703,1,56,0.0,Alive,,78,M,sigmoid colon,sigmoid colon,WT,WT,WT,WT,WT,WT,NO LOSS,0,P,1,1,pT2,N0,,A/C,Mod,N,0.5mm,N,Intramural venous,-,-
SR386_40X_HE_T057_01,3,65.703,1,57,0.0,Alive,,57,M,sigmoid colon,sigmoid colon,WT,WT,WT,WT,WT,WT,NO LOSS,0,P,3,3B,pT4b,pN1,,A/C,Mod,Y,0mm,Y,Venous,-,-
SR386_40X_HE_T058_01,1,17.608,0,58,1.0,536,1.0,74,F,distal sigmoid colon,sigmoid colon,WT,WT,WT,WT,WT,WT,NO LOSS,0,P,3,3B,pT3,N1,,A/C,Mod,N,0.6mm,Y,Venous,-,-
SR386_40X_HE_T060_01,3,65.703,1,60,0.0,Alive,,75,M,rectum,rectum,M (G12V),WT,WT,WT,WT,WT,NO LOSS,0,P,1,1,ypT2,N0,,A/C,Mod,N,35mm,N,,N,Y
SR386_40X_HE_T062_01,3,65.703,1,62,0.0,Alive,,65,M,rectosigmoid,rectum,M (G13D),WT,WT,WT,WT,WT,NO LOSS,0,P,2,2A,pT3,pN0,,A/C (focally mucinous),Mod,N,Well clear,N,Intramural venous,-,-
SR386_40X_HE_T063_01,0,0.296,0,63,1.0,9,,80,M,transverse colon,transverse colon,M (G12C),WT,WT,WT,WT,WT,NO LOSS,0,P,2,2B,pT4b,N0,,A/C (mucinous),Mod,Y,0mm,Y,Venous,-,-
SR386_40X_HE_T065_01,3,53.975,0,65,1.0,1643,1.0,77,F,ascending/transverse colon,transverse colon,WT,WT,WT,WT,WT,M (V600E),"MLH1, PMS2 LOSS",1,P,2,2A,pT3,N0,,A/C (mucinous component),Mod,N,0.3mm,N,,-,-
SR386_40X_HE_T066_01,1,11.498,0,66,1.0,350,1.0,62,F,caecum,caecum,WT,WT,WT,WT,WT,WT,NO LOSS,0,P,3,3B,pT3,N1,,A/C,Mod,N,0.15mm,N,Intramural venous,-,-
SR386_40X_HE_T067_01,3,65.703,1,67,0.0,Alive,,61,F,transverse colon,transverse colon,WT,WT,WT,WT,WT,WT,NO LOSS,0,P,2,2A,pT3,N0,,A/C,Mod,N,0.4mm,Y,Venous ,-,-
SR386_40X_HE_T069_01,3,65.703,1,69,0.0,Alive,,79,M,caecum,caecum,WT,WT,WT,WT,WT,WT,NO LOSS,0,P,2,2A,pT3,N0,,A/C,Mod,N,<0.1mm,Y,Venous,-,-
SR386_40X_HE_T070_01,3,65.703,1,70,0.0,Alive,,54,F,rectum,rectum,WT,WT,WT,WT,M (Q61L),WT,NO LOSS,0,P,3,3A,pT1,N1,,A/C,Mod,N,,N,Intramural venous,N,N
SR386_40X_HE_T072_01,3,65.703,1,72,0.0,Alive,,69,M,rectum,rectum,WT,WT,FAIL,WT,WT,WT,NO LOSS,0,P,2,2A,pT3,N0,,A/C,Mod,N,50mm,N,,Y,N
SR386_40X_HE_T074_01,3,65.703,1,74,0.0,Alive,,72,M,rectum,rectum,WT,M (Q61L),WT,WT,WT,WT,NO LOSS,0,P,1,1,pT2,N0,,A/C,Mod,N,Not assessed,N,Intramural venous,-,-
SR386_40X_HE_T075_01,3,65.703,1,75,0.0,Alive,,69,F,rectosigmoid,rectum,WT,WT,WT,WT,WT,WT,NO LOSS,0,P,3,3B,pT3,N1,,A/C,Mod,N,1.4mm,Y,Venous,-,-
SR386_40X_HE_T078_01,3,65.703,1,78,0.0,Alive,,92,M,upper rectum,rectum,WT,WT,WT,WT,WT,WT,NO LOSS,0,P,1,1,pT2,N0,,A/C,Mod,N,>10mm,Y,Venous,-,-
SR386_40X_HE_T079_01,3,65.703,1,79,0.0,Alive,,56,M,rectum,rectum,WT,WT,WT,WT,WT,WT,NO LOSS,0,P,3,3B,pT3,N1,,A/C,Mod,N,7.4mm,N,,-,-
SR386_40X_HE_T080_01,3,61.334,0,80,1.0,1867,,80,F,rectosigmoid,rectum,WT,WT,WT,WT,WT,WT,NO LOSS,0,P,3C,3C,pT3,N2,,A/C,Mod,N,0.01mm,N,,-,-
SR386_40X_HE_T081_01,3,65.703,1,81,0.0,Alive,,67,M,rectosigmoid,rectum,M (G12D),WT,WT,WT,WT,WT,NO LOSS,0,P,3,3A,pT1,N1,,A/C,Mod,N,15mm,N,,-,-
SR386_40X_HE_T082_01,0,6.603,0,82,1.0,201,1.0,53,F,sigmoid colon,sigmoid colon,WT,WT,WT,WT,WT,WT,NO LOSS,0,P,2,2B,pT4a,N0,,A/C,Poor (some mod regions with medullary features),Y,0mm,Y,Venous,-,-
SR386_40X_HE_T083_01,0,10.512,0,83,1.0,320,1.0,71,F,rectosigmoid,rectum,WT,WT,WT,WT,WT,WT,NO LOSS,0,P,3,3B,pT4b,N1,,A/C,Mod,Y,0mm,Y,Venous,-,-
SR386_40X_HE_T084_01,0,6.965,0,84,1.0,212,1.0,72,F,caecum,caecum,WT,M (Q61L),WT,WT,WT,WT,NO LOSS,0,P,3C,3C,pT4b,N2,M1,A/C,Poor,Y,0mm,Y,,-,-
SR386_40X_HE_T085_01,3,65.703,1,85,0.0,Alive,,59,M,upper rectum,rectum,WT,WT,WT,WT,WT,WT,NO LOSS,0,P,1,1,pT1,N0,,A/C,Mod,Absent,15mm,N,Intramural venous,-,-
SR386_40X_HE_T086_01,3,65.703,1,86,0.0,Alive,,52,M,hepatic flexure,hepatic flexure,WT,WT,WT,WT,WT,WT,NO LOSS,0,P,2,2A,pT3,N0,,A/C,Mod,N,1mm,N,,-,-
SR386_40X_HE_T087_01,3,65.703,1,87,0.0,Alive,,61,F,transverse colon,transverse colon,WT,WT,WT,WT,WT,M (V600E),NO LOSS,0,P,2,2B,pT4,N0,,A/C (mucinous),Mod,Y,Not applicable,N,,-,-
SR386_40X_HE_T088_01,3,65.703,1,88,0.0,Alive,,81,F,sigmoid,sigmoid colon,WT,WT,WT,WT,WT,WT,NO LOSS,0,P,2,2A,pT3,N0,,A/C,Mod,N,0.3mm,N,,-,-
SR386_40X_HE_T091_01,1,11.498,0,91,1.0,350,1.0,77,F,sigmoid colon,sigmoid colon,M (G12D),WT,WT,WT,WT,WT,NO LOSS,0,P,2,2A,pT3,N0,,A/C,Mod,N,<1mm,N,,-,-
SR386_40X_HE_T092_01,3,65.703,1,92,0.0,Alive,,70,F,caecum,caecum,WT,WT,WT,WT,WT,M (V600E),"MLH1, PMS2 LOSS",1,P,3,3B,pT3,N1,,A/C,Poor,N,3.5mm,Y,Venous,-,-
SR386_40X_HE_T094_01,3,65.703,1,94,0.0,Alive,,54,F,sigmoid colon,sigmoid colon,WT,WT,WT,WT,WT,WT,NO LOSS,0,P,3,3A,pT2,N1,,A/C,Mod,N,>5mm,N,,-,-
SR386_40X_HE_T095_01,3,65.703,1,95,0.0,Alive,,51,F,sigmoid colon,sigmoid colon,M (G12C),WT,WT,WT,WT,WT,NO LOSS,0,P,3,3A,pT1,N1,,A/C,Mod,N,,N,Intramural venous,-,-
SR386_40X_HE_T096_01,3,65.703,1,96,0.0,Alive,,58,M,rectosigmoid,rectum,WT,WT,WT,WT,WT,WT,NO LOSS,0,P,2,2A,pT3,N0,,A/C,Mod,N,3.5mm,N,,N,N
SR386_40X_HE_T097_01,3,65.703,1,97,0.0,Alive,,39,F,sigmoid colon,sigmoid colon,WT,WT,WT,WT,WT,WT,NO LOSS,0,P,2,2A,pT3,N0,,A/C,Mod,N,5mm,N,,-,-
SR386_40X_HE_T098_01,2,39.028,0,98,1.0,1188,1.0,75,M,caecum,caecum,WT,WT,WT,WT,M (Q61L),WT,NO LOSS,0,P,3C,3C,pT4b,pN2,,A/C,Mod,Y,0mm,Y,Lymphatic and venous,-,-
SR386_40X_HE_T099_01,2,36.005,0,99,1.0,1096,,74,M,rectum,rectum,M (G12D),WT,WT,WT,WT,WT,NO LOSS,0,P,3C,3C,pT3,N2,,A/C,Mod,,,Y,Venous and lymphatic invasion,N,N
SR386_40X_HE_T100_01,0,5.191,0,100,1.0,158,1.0,59,F,sigmoid colon,sigmoid colon,WT,WT,WT,WT,WT,WT,NO LOSS,0,P,3C,3C,pT3,N2,,A/C,Poor,N,<1mm,Y,,-,-
SR386_40X_HE_T103_01,3,65.703,1,103,0.0,Alive,,60,M,rectum,rectum,WT,WT,WT,WT,WT,WT,NO LOSS,0,P,3C,3C,pT3,N2,,A/C,Poor,N,30mm,Y,Venous,Y,N
SR386_40X_HE_T104_01,3,65.703,1,104,0.0,Alive,,70,M,hepatic flexure,hepatic flexure,WT,WT,WT,WT,WT,WT,NO LOSS,0,P,3,3B,pT3,pN1,,A/C,Mod,N,>5mm,Y,Venous,-,-
SR386_40X_HE_T105_01,3,65.703,1,105,0.0,Alive,,65,M,sigmoid colon,sigmoid colon,WT,WT,WT,WT,WT,WT,NO LOSS,0,P,2,2A,pT3,N0,,A/C,Mod,N,<1mm,N,,-,-
SR386_40X_HE_T106_01,3,65.703,1,106,0.0,Alive,,67,M,sigmoid colon,sigmoid colon,WT,WT,FAIL,WT,FAIL,WT,NO LOSS,0,P,3,3B,pT3,N1,,A/C,Mod,N,<1mm,Y,Venous,-,-
SR386_40X_HE_T107_01,3,65.703,1,107,0.0,Alive,,80,F,transverse colon,transverse colon,M (G12A),WT,WT,WT,WT,WT,NO LOSS,0,P,3,3B,pT3,pN1,,A/C,Mod,N,0.1mm,Y,Venous,-,-
SR386_40X_HE_T108_01,3,74.967,0,108,1.0,2282,,75,M,rectosigmoid,rectum,WT,WT,WT,WT,WT,WT,NO LOSS,0,P,2,2A,pT3,N0,,A/C,Mod,N (N/A),,N,,-,N
SR386_40X_HE_T109_01,0,5.256,0,109,1.0,160,1.0,78,M,rectum,rectum,M (G12D),WT,WT,WT,WT,WT,"MLH1, PMS2 LOSS",1,P,3,3B,ypT3,N1,,A/C,Mod,Not identified,>10mm,Y,Perineural infiltration,-,-
SR386_40X_HE_T110_01,1,18.922,0,110,1.0,576,,43,F,ascending colon,ascending colon,WT,WT,WT,WT,WT,WT,NO LOSS,0,P,3C,3C,pT3,N2,,Multifocal A/C,Well to Mod (mucinous component),N,5mm,Y,Lymphatic and intramural venous,-,-
SR386_40X_HE_T112_01,3,65.703,1,112,0.0,Alive,,58,M,caecum,caecum,WT,WT,WT,WT,WT,WT,NO LOSS,0,P,2,2B,pT4b,N0,,A/C,Mod (leading edge poor with tumour budding),Y,0mm,N,,-,-
SR386_40X_HE_T113_01,3,65.703,1,113,0.0,Alive,,80,M,distal sigmoid colon,sigmoid colon,WT,WT,WT,WT,WT,WT,NO LOSS,0,P,1,1,pT2,N0,,A/C,Mod,N,2.2mm,N,Intramural venous,-,-
SR386_40X_HE_T114_01,3,47.076,0,114,1.0,1433,1.0,80,F,sigmoid colon,sigmoid colon,WT,WT,WT,WT,WT,WT,NO LOSS,0,P,3C,3C,pT4b,N2,,A/C,Mod to Poor,Y,0mm,Y,Lymphatic and venous,-,-
SR386_40X_HE_T117_01,3,65.703,1,117,0.0,Alive,,59,M,sigmoid colon,sigmoid colon,WT,WT,WT,WT,WT,WT,NO LOSS,0,P,1,1,pT2,N0,,A/C,Mod,Not identified,4mm,N,,-,-
SR386_40X_HE_T119_01,3,65.703,1,119,0.0,Alive,,57,M,caecum,caecum,WT,WT,WT,WT,WT,WT,NO LOSS,0,P,2,2B,pT4b,N0,,A/C,Poor,Y,0mm,Y,Lymphatic and intramural venous,-,-
SR386_40X_HE_T122_01,3,65.703,1,122,0.0,Alive,,68,M,rectum,rectum,WT,WT,WT,WT,WT,WT,NO LOSS,0,P,2,2A,pT3,N0,,A/C,Mod,N,2.2mm,N,Suspicious of intramural venous,-,-
SR386_40X_HE_T123_01,0,1.051,0,123,1.0,32,1.0,86,F,transverse colon,transverse colon,WT,WT,WT,WT,WT,WT,NO LOSS,0,P,3,3B,pT4,N1,,A/C,Mod,Y,0mm,Y,,-,-
SR386_40X_HE_T126_01,2,37.779,0,126,1.0,1150,1.0,72,F,sigmoid colon,sigmoid colon,M (G12S),WT,WT,WT,WT,WT,NO LOSS,0,P,3C,3C,pT4b,N2,,A/C,Poor,Y,0mm,Y,Venous,-,-
SR386_40X_HE_T127_01,3,65.703,1,127,0.0,Alive,,59,M,rectosigmoid,rectum,M (G12D),WT,WT,WT,WT,WT,NO LOSS,0,P,2,2A,ypT3,ypN0,,A/C,Mod,N,0.6mm,N,,N,Y
SR386_40X_HE_T128_01,3,65.703,1,128,0.0,Alive,,57,F,rectum,rectum,WT,WT,WT,WT,WT,WT,NO LOSS,0,P,1,1,pT2,N0,,A/C,Mod,N,15mm,N,,Y,N
SR386_40X_HE_T129_01,3,65.703,1,129,0.0,Alive,,54,M,sigmoid colon,sigmoid colon,WT,WT,WT,WT,WT,WT,NO LOSS,0,P,3C,3C,pT3,N2,,A/C,Mod,N,0.3mm,Y,Venous,-,-
SR386_40X_HE_T130_01,3,65.703,1,130,0.0,Alive,,59,M,rectum,rectum,WT,WT,WT,WT,WT,WT,NO LOSS,0,P,4,4,pT3,N0,cM1,A/C,Mod,N,18mm,N,,Y,N
SR386_40X_HE_T131_01,1,12.943,0,131,1.0,394,1.0,60,F,rectosigmoid,rectum,WT,WT,WT,WT,WT,M (V600E)  ,NO LOSS,0,P,3C,3C,pT4,N2,,A/C,Mod (areas of poor),Y,(involvement of serosa),Y,Venous and Lymphatic,-,-
SR386_40X_HE_T132_01,3,65.703,1,132,0.0,Alive,,52,F,rectum,rectum,WT,WT,WT,WT,WT,WT,NO LOSS,0,P,2,2A,pT3,N0,,A/C,Mod,N,,Y,Venous,Y,N
SR386_40X_HE_T133_01,0,7.753,0,133,1.0,236,,59,F,sigmoid colon,sigmoid colon,M (G12D),WT,WT,WT,WT,WT,NO LOSS,0,P,4,4,pT4b,Nx,M1,A/C,Mod,Y,0mm,Y,Venous,-,-
SR386_40X_HE_T135_01,3,65.703,1,135,0.0,Alive,,49,F,caecum,caecum,WT,WT,WT,WT,WT,WT,NO LOSS,0,P,3C,3C,pT4b,N2,,A/C (mucinous and signet ring component),Poor,Y,0mm,Y,Lymphatic,-,-
SR386_40X_HE_T136_01,3,65.703,1,136,0.0,Alive,,64,M,sigmoid colon,sigmoid colon,WT,WT,WT,WT,WT,WT,NO LOSS,0,P,2,2A,pT3,N0,,A/C,Mod,N,<1mm,N,,-,-
SR386_40X_HE_T138_01,3,65.703,1,138,0.0,Alive,,76,F,rectosigmoid,rectum,M (G12V),WT,WT,WT,WT,WT,NO LOSS,0,P,3,3A,pT2,N1,,A/C,Mod,N,>10mm,N,,-,N
SR386_40X_HE_T140_01,3,65.703,1,140,0.0,Alive,,61,M,sigmoid colon,sigmoid colon,M (G12C),WT,WT,WT,WT,WT,NO LOSS,0,P,3C,3C,pT3,N2,,A/C,Mod,N,1mm,N,Intramural venous,-,-
SR386_40X_HE_T142_01,3,65.703,1,142,0.0,Alive,,63,F,sigmoid colon,sigmoid colon,WT,WT,WT,WT,WT,M (V600E),NO LOSS,0,P,3,3B,pT4b,N1,,A/C,Mod,Y,0mm,Y,Venous,-,-
SR386_40X_HE_T144_01,3,65.703,1,144,0.0,Alive,,82,F,ascending colon,ascending colon,M (G12A),WT,FAIL,WT,WT,WT,NO LOSS,0,P,3,3B,pT3,N1,,A/C,Mod,N,1.3mm,N,,-,-
SR386_40X_HE_T145_01,3,65.703,1,145,0.0,Alive,,73,F,descending/sigmoid junction??,descending colon,M (G12S),WT,WT,WT,WT,WT,NO LOSS,0,P,2,2A,pT3,N0,,A/C (villous adenoma like),Well,N,>2mm,N,,-,-
SR386_40X_HE_T147_01,3,65.703,1,147,0.0,Alive,,68,F,rectum,rectum,M (G13D),WT,WT,WT,WT,WT,NO LOSS,0,P,3,3B,pT3,pN1,,A/C,Mod,N,0.9mm,Y,Vascular,-,-
SR386_40X_HE_T148_01,3,65.703,1,148,0.0,Alive,,63,M,splenic flexure,splenic flexure,M (G12D),WT,WT,WT,WT,WT,NO LOSS,0,P,3C,3C,pT2,N2,,A/C,Mod,N,4mm,N,,-,-
SR386_40X_HE_T149_01,3,65.703,1,149,0.0,Alive,,76,M,rectum,rectum,M (G12D),WT,WT,WT,WT,WT,NO LOSS,0,P,3,3A,pT1,N1,,A/C,Mod,N,Not applicable,N,,-,-
SR386_40X_HE_T150_01,3,65.703,1,150,0.0,Alive,,75,F,rectum,rectum,M (G12D),WT,WT,WT,WT,WT,NO LOSS,0,P,2,2A,pT3,N0,,A/C,Mod,N,25mm,Y,,Y,N
SR386_40X_HE_T152_01,2,36.564,0,152,1.0,1113,,81,F,sigmoid colon,sigmoid colon,WT,WT,WT,WT,WT,WT,NO LOSS,0,P,3,3B,pT4,N1,,A/C,Mod,Y,0mm,N,Intra or extramural venous,-,-
SR386_40X_HE_T154_01,3,65.703,1,154,0.0,Alive,,73,M,proximal descending colon,descending colon,WT,WT,WT,WT,WT,WT,NO LOSS,0,P,1,1,pT2,N0,,A/C,Mod,N,4.8mm,N,,-,-
SR386_40X_HE_T155_01,3,65.703,1,155,0.0,Alive,,60,M,splenic flexure,splenic flexure,WT,WT,WT,WT,WT,M (V600E),NO LOSS,0,P,2,2A,pT3,N0,,A/C,Mod,N,0.35mm,Y,"Lymphatic, single focus extramural ",-,-
SR386_40X_HE_T157_01,3,65.703,1,157,0.0,Alive,,62,M,rectum,rectum,WT,WT,WT,WT,WT,WT,NO LOSS,0,P,2,2B,pT4b,N0,,A/C,Mod,N,Not measured,Not identified,,-,-
SR386_40X_HE_T160_01,3,65.703,1,160,0.0,Alive,,50,M,sigmoid colon,sigmoid colon,WT,WT,WT,WT,WT,WT,NO LOSS,0,P,2,2B,pT4,N0,,A/C,Mod,N,1.3mm,N,,-,-
SR386_40X_HE_T164_01,0,1.84,0,164,1.0,56,1.0,58,M,ascending colon,ascending colon,WT,WT,WT,WT,WT,M (V600E),NO LOSS,0,P,3C,3C,pT3,pN2,,A/C,Mod,N,1mm,Y,,-,-
SR386_40X_HE_T165_01,3,65.703,1,165,0.0,Alive,,65,M,caecum,caecum,WT,WT,WT,WT,WT,M (V600E),"MLH1, PMS2 LOSS",1,P,1,1,pT1,N0,,A/C,Mod,N,6mm,N,Intramural venous,-,-
SR386_40X_HE_T166_01,3,48.489,0,166,1.0,1476,1.0,62,M,transverse colon,transverse colon,WT,WT,WT,WT,WT,WT,NO LOSS,0,P,3,3A,pT2,N1,,A/C,Mod,Y,0mm,Y,Venous,-,-
SR386_40X_HE_T168_01,2,40.079,0,168,1.0,1220,,83,F,caecum/ascending colon,caecum,WT,WT,WT,WT,WT,M (V600E) - LOW LEVEL ,"MLH1, PMS2 LOSS",1,P,2,2A,pT3,pN0,,A/C (mucinous),Poor,N,0.35mm,N,,-,-
SR386_40X_HE_T169_01,3,65.703,1,169,0.0,Alive,,61,F,rectum,rectum,WT,WT,WT,WT,WT,WT,NO LOSS,0,P,3,3B,pT4b,N1,,A/C,Mod,Y,0mm,Y,Venous,Y,N
SR386_40X_HE_T170_01,3,65.703,1,170,0.0,Alive,,82,M,proximal ascending colon,ascending colon,WT,WT,WT,WT,WT,WT,"MLH1, PMS2 LOSS",1,P,3,3B,pT3,N1,,A/C (mucinous),Mod,N,0.2mm,N,,-,-
SR386_40X_HE_T172_01,3,65.703,1,172,0.0,Alive,,66,F,lower caecum,caecum,WT,WT,WT,WT,WT,M (V600E),NO LOSS,0,P,2,2A,pT3,N0,,A/C (mucinous),Mod,N,1.0mm,N,,-,-
SR386_40X_HE_T174_01,3,47.766,0,174,1.0,1454,1.0,85,F,caecum,caecum,WT,WT,WT,WT,WT,WT,NO LOSS,0,P,2,2A,pT3,N0,,A/C,Mod,N,0.2mm,Y,Venous,-,-
SR386_40X_HE_T175_01,3,65.703,1,175,0.0,Alive,,51,M,sigmoid colon,sigmoid colon,WT,WT,WT,WT,WT,WT,NO LOSS,0,P,1,1,pT2,N0,,A/C,Mod,N,1.4mm,N,,-,-
SR386_40X_HE_T176_01,3,56.307,0,176,1.0,1714,,83,F,caecum,caecum,WT,WT,WT,WT,WT,M (V600E),"MLH1, PMS2 LOSS",1,P,2,2A,pT3,N0,,A/C,Well,N,0.3mm,N,,-,-
SR386_40X_HE_T177_01,3,65.703,1,177,0.0,Alive,,46,M,rectum,rectum,WT,WT,WT,WT,WT,WT,NO LOSS,0,P,3,3B,ypT3,N1,,A/C,Mod,N,0.2mm,Y,Venous,N,Y
SR386_40X_HE_T178_01,3,65.703,1,178,0.0,Alive,,66,F,caecum,caecum,M (G12D),WT,WT,WT,WT,WT,NO LOSS,0,P,2,2A,pT3,N0,,A/C,Mod (small focus of mucinous differentiation and small foci of poor),N,0.3mm,N,,-,-
SR386_40X_HE_T179_01,3,42.641,0,179,1.0,1298,1.0,60,F,transverse colon,transverse colon,WT,WT,WT,WT,WT,M (V600E),NO LOSS,0,P,4,4,pT4b,N2,M1,A/C,Mod,Y,0mm,Y,Lymphatic,-,-
SR386_40X_HE_T180_01,3,65.703,1,180,0.0,Alive,,59,F,rectum,rectum,WT,WT,WT,WT,WT,M (V600E),NO LOSS,0,P,3,3A,pT2,N1,,A/C,Mod,N,,N,Intramural venous,N,N
SR386_40X_HE_T181_01,3,65.703,1,181,0.0,Alive,,51,M,caecum,caecum,M (G12V),WT,WT,WT,WT,WT,NO LOSS,0,P,3,3B,pT3,N1,,A/C,Mod,N,14mm,Y,,-,-
SR386_40X_HE_T182_01,3,65.703,1,182,0.0,Alive,,60,M,sigmoid colon,sigmoid colon,WT,WT,WT,WT,WT,WT,NO LOSS,0,P,3,3A,pT2,N1,,A/C,Mod,N,<1mm,N,,-,-
SR386_40X_HE_T184_01,3,65.703,1,184,0.0,Alive,,61,F,rectum,rectum,M (G12V),WT,WT,WT,WT,WT,NO LOSS,0,P,1,1,pT2,N0,,A/C,Mod,N,>5mm,N,,N,N
SR386_40X_HE_T187_01,3,65.703,1,187,0.0,Alive,,47,F,rectum,rectum,M (G12C),WT,WT,WT,WT,WT,NO LOSS,0,P,3,3B,pT4a,N1,,A/C (Mucinous),Mod,??,Not visualised however crossed to invade ovary,Not identified,,N,N
SR386_40X_HE_T188_01,0,9.691,0,188,1.0,295,1.0,83,M,hepatic flexure,hepatic flexure,M (G12C),WT,WT,WT,WT,WT,NO LOSS,0,P,3C,3C,pT4b,N2,,A/C,Mod (focally poor),Y,0mm,Y,Lymphatic and venous,-,-
SR386_40X_HE_T189_01,3,65.703,1,189,0.0,Alive,,48,F,lower rectum,rectum,WT,WT,WT,WT,WT,WT,NO LOSS,0,P,3C,3C,ypT3,ypN2,,A/C,Mod (focally poor),N,Not measured,Y,Venous,N,Y
SR386_40X_HE_T190_01,3,65.703,1,190,0.0,Alive,,78,F,rectum,rectum,WT,WT,WT,WT,WT,WT,NO LOSS,0,P,3C,3C,pT2,N2,,A/C,Mod,N,4mm,N,Perineural infiltration,-,-
SR386_40X_HE_T191_01,3,65.703,1,191,0.0,Alive,,76,F,distal sigmoid colon,sigmoid colon,M (G12A),WT,WT,WT,WT,WT,NO LOSS,0,P,3,3B,pT4b,N1,,A/C,Mod,Y,0mm,N,,-,-
SR386_40X_HE_T192_01,3,65.703,1,192,0.0,Alive,,62,F,upper rectum,rectum,WT,WT,WT,WT,WT,WT,NO LOSS,0,P,3,3B,pT3,N1,,A/C,Mod,N,0.9mm,Y,,N,N
SR386_40X_HE_T195_01,2,39.323,0,195,1.0,1197,1.0,76,M,sigmoid colon,sigmoid colon,WT,WT,WT,WT,WT,WT,NO LOSS,0,P,3,3B,pT3,N1,,A/C,Mod,N,<1mm,Y,Venous,-,-
SR386_40X_HE_T196_01,3,65.703,1,196,0.0,Alive,,76,F,caecum,caecum,WT,WT,WT,WT,WT,WT,NO LOSS,0,P,3,3B,pT3,N1,,A/C,Mod,N,0.15mm,N,,-,-
SR386_40X_HE_T197_01,3,65.703,1,197,0.0,Alive,,63,M,upper rectum,rectum,WT,WT,WT,WT,WT,WT,NO LOSS,0,P,1,1,pT2,N0,,A/C,Mod (some foci of poor),N,5mm,N,,N,N
SR386_40X_HE_T198_01,3,65.703,1,198,0.0,Alive,,69,M,rectum,rectum,WT,WT,WT,WT,WT,WT,NO LOSS,0,P,3,3B,pT3,N1,,A/C,Mod,Not identified,0.4mm,Y,Venous,-,-
SR386_40X_HE_T200_01,3,65.703,1,200,0.0,Alive,,67,F,transverse colon,transverse colon,WT,WT,FAIL,WT,FAIL,WT,NO LOSS,0,P,3,3B,pT3,N1,,A/C (mucinous component),Mod,N,0.7mm,N,,-,-
SR386_40X_HE_T201_01,3,65.703,1,201,0.0,Alive,,78,F,transverse colon,transverse colon,WT,M (G60V),WT,WT,WT,WT,NO LOSS,0,P,2,2A,pT3,N0,,A/C,Mod,N,0.2mm,Y,Venous,-,-
SR386_40X_HE_T202_01,3,65.703,1,202,0.0,Alive,,55,M,descending colon,descending colon,WT,WT,WT,WT,WT,WT,NO LOSS,0,P,1,1,pT2,N0,,A/C,Mod,N,Clear,Y,Venous,-,-
SR386_40X_HE_T205_01,0,6.34,0,205,1.0,193,1.0,74,M,transverse colon,transverse colon,WT,WT,WT,WT,WT,WT,NO LOSS,0,P,2,2B,pT4b,N0,,A/C,Poor,Y,0mm,Y,Venous,-,-
SR386_40X_HE_T206_01,3,65.703,1,206,0.0,Alive,,67,F,sigmoid colon,sigmoid colon,WT,WT,WT,WT,WT,WT,PMS2 LOSS,1,P,3,3B,pT4b,N1,,A/C,Mod (some areas of poor),Y,0mm,Y,Venous,-,-
SR386_40X_HE_T209_01,3,65.703,1,209,0.0,Alive,,61,F,sigmoid colon,sigmoid colon,WT,WT,WT,WT,WT,WT,NO LOSS,0,P,1,1,pT2,N0,,A/C,Mod,N,>5mm,N,,-,-
SR386_40X_HE_T210_01,1,21.813,0,210,1.0,664,1.0,74,F,transverse colon,transverse colon,M (G12C),WT,WT,WT,WT,WT,NO LOSS,0,P,3,3B,pT3,N1,,A/C,Mod,N,<1mm,N,,-,-
SR386_40X_HE_T211_01,2,26.873,0,211,1.0,818,1.0,61,M,sigmoid colon,sigmoid colon,M (G13D),WT,WT,WT,WT,WT,NO LOSS,0,P,3C,3C,pT4b,N2,,A/C,Well,Y,0mm,Y,Venous and Lymphatic,-,-
SR386_40X_HE_T212_01,0,10.611,0,212,1.0,323,1.0,69,M,distal descending colon,descending colon,WT,WT,WT,WT,WT,WT,NO LOSS,0,P,2,2B,pT4b,N0,,A/C,Mod,Y,0mm,Y,Venous,-,-
SR386_40X_HE_T213_01,3,65.703,1,213,0.0,Alive,,77,M,rectum,rectum,WT,WT,WT,M (G12D),WT,WT,NO LOSS,0,P,1,1,pT2,N0,,A/C,Mod,N,-,N,,N,N
SR386_40X_HE_T214_01,2,37.911,0,214,1.0,1154,1.0,72,F,rectum,rectum,WT,WT,WT,WT,WT,WT,NO LOSS,0,P,3C,3C,pT3,N2,,A/C,Poor,N,8.5mm,Y,Lymphatic and venous,-,-
SR386_40X_HE_T216_01,0,6.505,0,216,1.0,198,1.0,76,F,ascending colon,ascending colon,WT,WT,WT,WT,WT,M (V600E),"MLH1, PMS2 LOSS",1,P,2,2B,pT4b,N0,,A/C (Mucinous),Mod,Y,0.01mm,N,,-,-
SR386_40X_HE_T220_01,2,33.246,0,220,1.0,1012,1.0,83,F,sigmoid colon,sigmoid colon,M (G12S),WT,WT,WT,WT,WT,NO LOSS,0,P,2,2B,pT4b,N0,,A/C,Mod,Y,0mm,Y,Venous,-,-
SR386_40X_HE_T221_01,3,65.703,1,221,0.0,Alive,,50,M,upper rectum,rectum,WT,WT,WT,WT,WT,WT,NO LOSS,0,P,3,3A,pT2,N1,,A/C,Mod,N,8mm,Y,Venous,-,-
SR386_40X_HE_T224_01,1,21.124,0,224,1.0,643,1.0,70,M,descending colon,descending colon,M (G12D),WT,WT,WT,WT,M (V600E) - LOW LEVEL ,NO LOSS,0,P,3C,3C,pT4b,N2,,A/C,Mod,Y,0mm,Y,Lymphatic not venous,-,-
SR386_40X_HE_T227_01,3,65.703,1,227,0.0,Alive,,77,M,caecum,caecum,M (G12V),WT,WT,WT,WT,WT,NO LOSS,0,P,3C,3C,pT4a,N2,,A/C,Mod,N,-,N,,-,-
SR386_40X_HE_T230_01,3,65.703,1,230,0.0,Alive,,84,F,ascending colon,ascending colon,WT,M (Q61K),WT,WT,WT,WT,"MLH1, PMS2 LOSS",1,P,2,2A,pT3,N0,,A/C,Poor,N,0.2mm,N,,-,-
SR386_40X_HE_T231_01,0,6.307,0,231,1.0,192,1.0,86,F,caecum,caecum,WT,WT,WT,WT,WT,M (V600E),"MLH1, PMS2 LOSS",1,P,3,3B,pT4b,N1,M1,A/C (Mucinous),Poor,Y,-,Y,Venous,-,-
SR386_40X_HE_T232_01,3,65.703,1,232,0.0,Alive,,62,F,rectum,rectum,WT,WT,WT,WT,WT,WT,NO LOSS,0,P,2,2A,ypT3,N0,,A/C,Mod,N,>10mm,Y,focal perineural infiltration also seen,N,Post DXT (docetaxel) (long course)
SR386_40X_HE_T233_01,1,23.686,0,233,1.0,721,1.0,76,M,caecum,caecum,M (G13D),WT,WT,WT,WT,WT,NO LOSS,0,P,3C,3C,pT4b,N2,,A/C (Mucinous),Mod (focally poor),Y,0mm,Y,Venous,-,-
SR386_40X_HE_T234_01,3,65.703,1,234,0.0,Alive,,65,F,distal sigmoid colon,sigmoid colon,WT,WT,WT,WT,WT,WT,NO LOSS,0,P,2,2A,pT3,pN0,,A/C,Mod,N,2.5mm,N,,-,-
SR386_40X_HE_T235_01,3,65.703,1,235,0.0,Alive,,57,M,rectum,rectum,WT,WT,WT,WT,WT,M (V600E),NO LOSS,0,P,3,3A,pT2,N1,,A/C,Mod,,-,N,,-,-
SR386_40X_HE_T236_01,3,65.703,1,236,0.0,Alive,,63,M,caecum,caecum,M (G13D),WT,WT,WT,WT,WT,NO LOSS,0,P,2,2A,pT3,N0,MX,A/C,Mod,Not identified,0.2mm,N,focus of smucosal lymphocapillary space invasion present,-,-
SR386_40X_HE_T237_01,3,65.703,1,237,0.0,Alive,,80,M,descending colon,descending colon,WT,WT,WT,WT,WT,WT,NO LOSS,0,P,2,2A,pT3,N0,,A/C,Mod (small areas of poorly differentiated),N,0.5mm,Y,,-,-
SR386_40X_HE_T238_01,1,16.196,0,238,1.0,493,,81,F,upper rectum,rectum,WT,WT,WT,WT,WT,WT,NO LOSS,0,P,3,3B,pT3,N1,,A/C,Mod,N,1.2mm,N,,N,N
SR386_40X_HE_T239_01,0,10.381,0,239,1.0,316,1.0,89,M,caecum,caecum,M (G12D),WT,FAIL,WT,WT,WT,NO LOSS,0,P,3,3B,pT4b,N1,,A/C,Mod,Y,0mm,Y,Venous,-,-
SR386_40X_HE_T240_01,3,65.703,1,240,0.0,Alive,,64,M,rectum,rectum,M (G13D),WT,WT,WT,WT,WT,NO LOSS,0,P,1,1,pT2,N0,,A/C,Mod,N,2mm,N,Intramural venous invasion present,N,N
SR386_40X_HE_T241_01,3,65.703,1,241,0.0,Alive,,53,M,rectum,rectum,M (G12V),WT,WT,WT,WT,WT,NO LOSS,0,P,2,2A,ypT3,N0,,A/C,Mod,N,-,Y,Venous,-,Y
SR386_40X_HE_T242_01,3,65.703,1,242,0.0,Alive,,57,F,rectum,rectum,WT,WT,WT,WT,WT,WT,NO LOSS,0,P,1,1,pT2,N0,,A/C,Mod,N,0.2mm,N,,N,N
SR386_40X_HE_T244_01,3,65.703,1,244,0.0,Alive,,61,M,rectum,rectum,WT,WT,WT,WT,WT,WT,NO LOSS,0,P,1,1,pT1,N0,,A/C,Mod,N,,Not identified,,N,N
SR386_40X_HE_T245_01,1,16.919,0,245,1.0,515,,70,M,rectosigmoid,rectum,WT,WT,WT,WT,WT,WT,NO LOSS,0,P,3,3B,pT3,N1,,A/C,Mod,N,<1mm,N,,-,-
SR386_40X_HE_T247_01,3,44.908,0,247,1.0,1367,,81,M,rectum,rectum,WT,WT,WT,WT,M (Q61K),WT,NO LOSS,0,P,2,2A,pT3,N0,,A/C,Mod,N,6mm,N,,N,N
SR386_40X_HE_T248_01,3,65.703,1,248,0.0,Alive,,54,F,sigmoid,sigmoid colon,WT,WT,WT,WT,WT,WT,NO LOSS,0,P,3,3A,pT2,N1,,A/C,Mod,N,18mm,N,,-,-
SR386_40X_HE_T249_01,3,65.703,1,249,0.0,Alive,,63,M,,,WT,WT,WT,WT,WT,WT,NO LOSS,0,P,3,3B,pT4,N1,,A/C,Mod,Y,0mm,Probable,,-,-
SR386_40X_HE_T250_01,2,34.593,0,250,1.0,1053,,42,M,rectum,rectum,WT,WT,WT,WT,WT,WT,NO LOSS,0,P,3,3B,pT4,N1,MX,A/C,Mod,N,>10mm,N,,N,N
SR386_40X_HE_T252_01,3,65.703,1,252,0.0,Alive,,71,M,rectum,rectum,WT,M (Q61R),WT,WT,WT,WT,NO LOSS,0,P,1,1,pT2,N0,,A/C (prominent mucinous differentitation),Mod,N,0.6mm,N,,-,-
SR386_40X_HE_T253_01,3,65.703,1,253,0.0,Alive,,59,M,transverse colon,transverse colon,M (G12C),WT,WT,WT,WT,WT,NO LOSS,0,P,3,3A,pT2,N1,,A/C,Mod (focal poor at invasive front),Not identified,0.3mm,Y,Lyphatic,-,-
SR386_40X_HE_T255_01,3,65.703,1,255,0.0,Alive,,71,M,sigmoid colon,sigmoid colon,M (G12C),WT,WT,WT,WT,WT,NO LOSS,0,P,2,2A,pT3,N0,,A/C,Mod,N,1mm,N,,-,-
SR386_40X_HE_T256_01,3,65.703,1,256,0.0,Alive,,63,M,rectum,rectum,WT,WT,WT,M (G12D),WT,WT,NO LOSS,0,P,1,1,pT2,N0,,A/C,Mod,N,-,N,,-,-
SR386_40X_HE_T259_01,3,65.703,1,259,0.0,Alive,,75,F,ascending colon,ascending colon,WT,WT,WT,WT,WT,M (V600E),"MLH1, PMS2 LOSS",1,P,2,2A,pT3,N0,,A/C (mucinous component),Mod,N,3.3mm,N,,-,-
SR386_40X_HE_T260_01,1,10.874,0,260,1.0,331,,79,M,sigmoid colon,sigmoid colon,M (G12D),WT,WT,WT,WT,WT,NO LOSS,0,P,3,3B,pT4,N1,,A/C (mucinous component),Mod (some areas of poor),Y,-,Y,Venous focal perineural infiltration also ,-,-
SR386_40X_HE_T262_01,1,20.959,0,262,1.0,638,1.0,73,F,ascending colon,ascending colon,M (G12V),WT,WT,WT,WT,WT,NO LOSS,0,P,4,4,pT3,N1,cM1?,A/C,Mod,N,0.3mm,N,,-,-
SR386_40X_HE_T263_01,3,65.703,1,263,0.0,Alive,,53,M,upper rectum,rectum,WT,WT,WT,WT,WT,WT,NO LOSS,0,P,2,2A,pT3,N0,,A/C,Mod,-,0.5mm,N,Focal lymphocapillary space invasion noted. ,-,-
SR386_40X_HE_T264_01,3,65.703,1,264,0.0,Alive,,83,M,caecum,caecum,WT,WT,WT,WT,WT,WT,NO LOSS,0,P,2,2A,pT3,N0,,A/C,Mod,-,0.3mm,N,Intramural venous,-,-
SR386_40X_HE_T265_01,0,7.556,0,265,1.0,230,1.0,75,F,transverse colon,transverse colon,FAIL,FAIL,WT,FAIL,FAIL,M (V600E),NO LOSS,0,P,4,4,ypT3,N0,M1,A/C,Mod,N,2mm,N,Intramural venous ,-,-
SR386_40X_HE_T267_01,2,41.426,0,267,1.0,1261,1.0,77,M,lower rectum,rectum,WT,WT,WT,WT,WT,WT,NO LOSS,0,P,3C,3C,pT3,N2,,A/C,Mod,N,-,Y,Venous,N,N
SR386_40X_HE_T268_01,1,11.827,0,268,1.0,360,1.0,59,M,ascending colon,ascending colon,WT,WT,WT,WT,WT,M (V600E),NO LOSS,0,P,3C,3C,pT4b,N2,,A/C,Mod,Y,0mm,Y,venous,-,-
SR386_40X_HE_T269_01,3,65.703,1,269,0.0,Alive,,61,F,descending colon,descending colon,M (G12V),WT,WT,WT,WT,WT,NO LOSS,0,P,3,3B,pT3,N1,,A/C,Mod,N,2.7mm,Y,Venous,-,-
SR386_40X_HE_T270_01,0,7.654,0,270,1.0,233,1.0,70,F,descending colon,descending colon,WT,WT,WT,WT,WT,M (V600E) - LOW LEVEL ,NO LOSS,0,P,3C,3C,pT4a,N2,Mx,A/C,Mod (focally poor),Y,At peitoneum,Y,Venous and Lymphatic,N,N
SR386_40X_HE_T271_01,2,32.852,0,271,1.0,1000,1.0,71,M,rectosigmoid,rectum,M (G12V),WT,WT,WT,WT,WT,NO LOSS,0,P,2,2A,ypT3,N0,,A/C,Mod,-,,-,,-,-
SR386_40X_HE_T272_01,3,65.703,1,272,0.0,Alive,,66,F,sigmoid colon,sigmoid colon,M (G12D),WT,WT,WT,WT,WT,NO LOSS,0,P,3,3B,pT4a,N1,,A/C,Well,Y,-,N,,-,-
SR386_40X_HE_T273_01,3,65.703,1,273,0.0,Alive,,70,F,ascending colon,ascending colon,M (G13D),WT,WT,WT,WT,WT,NO LOSS,0,P,1,1,pT2,N0,,A/C,Mod,N,1.1mm,N,,-,-
SR386_40X_HE_T274_01,3,65.703,1,274,0.0,Alive,,39,M,rectum,rectum,WT,WT,WT,WT,WT,WT,NO LOSS,0,P,3,3A,ypT2,N1,,A/C,Mod,N,-,Y,Venous,N,Y
SR386_40X_HE_T275_01,3,65.703,1,275,0.0,Alive,,53,F,transverse colon,transverse colon,M (G13D),WT,WT,WT,WT,WT,NO LOSS,0,P,3C,3C,pT3,N2,,A/C (medullary features),Poor,N,0.15mm,Y,Lymphatic and venous,-,-
SR386_40X_HE_T276_01,0,9.921,0,276,1.0,302,1.0,61,M,caecum,caecum,WT,WT,WT,WT,WT,WT,NO LOSS,0,P,3C,3C,pT4b,N2,,A/C (mucinous),Poor,Y,0mm,Y,Venous,-,-
SR386_40X_HE_T277_01,3,65.703,1,277,0.0,Alive,,70,M,ascending colon,ascending colon,M (G12D),WT,WT,WT,WT,WT,NO LOSS,0,P,3C,3C,pT3,N2,,A/C,Poor,N,2mm,Y,Venous,-,-
SR386_40X_HE_T278_01,3,65.703,1,278,0.0,Alive,,74,M,hepatic flexure,hepatic flexure,WT,WT,WT,WT,WT,WT,"MLH1, PMS2 LOSS",1,P,2,2B,pT4a,N0,,A/C (mucinous),Mod,N,2mm,N,,-,-
SR386_40X_HE_T281_01,3,65.703,1,281,0.0,Alive,,60,M,rectosigmoid,rectum,WT,WT,WT,WT,WT,WT,NO LOSS,0,P,3,3B,ypT3,ypN1,,A/C,Mod,N,4mm,Y,Venous,-,-
SR386_40X_HE_T282_01,3,65.703,1,282,0.0,Alive,,79,F,transverse colon,transverse colon,WT,WT,WT,WT,WT,WT,NO LOSS,0,P,3,3B,pT3,N1,,A/C,Mod (foci of poor),Not identified,6mm,Y,"Intramural venous, extramural lymphatic",-,-
SR386_40X_HE_T284_01,3,65.703,1,284,0.0,Alive,,68,F,transverse colon,transverse colon,WT,WT,WT,WT,WT,WT,NO LOSS,0,P,2,2A,pT3,N0,,A/C,Mod,Not identified,0.4mm,Y,Venous,-,-
SR386_40X_HE_T285_01,3,65.703,1,285,0.0,Alive,,69,M,ascending colon,ascending colon,M (G12V),WT,WT,M (G12V),WT,WT,NO LOSS,0,P,2,2A,pT3,N0,,A/C,Mod,N,4.4mm,Not identified,,-,-
SR386_40X_HE_T286_01,3,65.703,1,286,0.0,Alive,,75,M,splenic flexure,splenic flexure,WT,WT,WT,WT,WT,WT,NO LOSS,0,P,3,3B,pT3,N1,,A/C,Mod,N,2.7mm,Y,Venous,-,-
SR386_40X_HE_T287_01,0,6.866,0,287,1.0,209,,87,M,rectum,rectum,M (G12V),WT,WT,WT,WT,WT,NO LOSS,0,P,2,2A,pT3,N0,,A/C (focally mucinous),Mod,N,Not measured,N,,N,N
SR386_40X_HE_T288_01,3,65.703,1,288,0.0,Alive,,61,M,lower rectum,rectum,WT,WT,WT,WT,WT,WT,NO LOSS,0,P,3,3B,pT3,N1,,A/C,Mod,N,4mm,Y,Venous,N,N
SR386_40X_HE_T290_01,1,16.59,0,290,1.0,505,1.0,71,M,ascending colon,ascending colon,WT,WT,FAIL,WT,WT,WT,NO LOSS,0,P,3,3B,Pt3,N1,,A/C,Poor,N,0.5mm,Y,Venous,-,-
SR386_40X_HE_T291_01,0,10.151,0,291,1.0,309,1.0,82,M,rectosigmoid,rectum,M (G12D),WT,WT,WT,WT,WT,NO LOSS,0,P,4,4,pT4b,N1,M1,A/C (Mucinous),Poor,Y,0mm,Y,Extramural venous and lymphatic,-,-
SR386_40X_HE_T293_01,3,65.703,1,293,0.0,Alive,,75,F,sigmoid colon,sigmoid colon,M (G12D),WT,FAIL,WT,FAIL,WT,NO LOSS,0,P,2,2A,pT3,N0,,A/C,"Mod (areas of mucinous, areas of poor)",N,4mm,N,,-,-
SR386_40X_HE_T294_01,1,23.423,0,294,1.0,713,,52,F,ascending colon,ascending colon,M (G12V),WT,WT,WT,WT,WT,NO LOSS,0,P,3C,3C,pT4b,N2,,"A/C (mucinous, predominantly signet ring)",Poor,Y,0mm,Y,Venous,-,-
SR386_40X_HE_T297_01,3,65.703,1,297,0.0,Alive,,60,F,sigmoid colon,sigmoid colon,WT,WT,WT,WT,WT,WT,NO LOSS,0,P,1,1,pT2,N0,,A/C,Well,N,2.5mm,N,,-,-
SR386_40X_HE_T298_01,3,65.703,1,298,0.0,Alive,,77,F,caecum,caecum,M (G12S),WT,FAIL,WT,WT,WT,NO LOSS,0,P,2,2A,pT3,N0,,A/C,Mod,N,0.7mm,N,Intramural venous,-,-
SR386_40X_HE_T299_01,3,65.703,1,299,0.0,Alive,,60,F,rectum,rectum,WT,WT,WT,WT,WT,WT,NO LOSS,0,P,1,1,pT2,N0,,A/C,Mod,N,Below reflection,N,,-,-
SR386_40X_HE_T300_01,2,31.11,0,300,1.0,947,,64,M,sigmoid colon,sigmoid colon,WT,WT,WT,WT,WT,WT,NO LOSS,0,P,2,2A,pT3,N0,,A/C,Mod,N,0.5mm,Y,Intra and extramural venous ,-,-
SR386_40X_HE_T301_01,1,18.364,0,301,1.0,559,1.0,72,F,sigmoid colon,sigmoid colon,WT,WT,WT,WT,WT,WT,NO LOSS,0,P,2,2B,pT4,N0,,A/C,Mod,Y,-,Y,Lymphatic and venous,-,-
SR386_40X_HE_T302_01,2,34.264,0,302,1.0,1043,1.0,64,M,sigmoid colon,sigmoid colon,WT,WT,WT,WT,WT,WT,NO LOSS,0,P,3,3B,pT4,N1,,A/C (focally mucinous),Mod,N,-,Y,Venous,-,-
SR386_40X_HE_T303_01,0,10.644,0,303,1.0,324,,80,F,rectosigmoid,rectum,WT,WT,WT,WT,WT,WT,NO LOSS,0,P,1,1,pT2,N0,,A/C,Mod,N,Not assessed,Not identified,,N,N
SR386_40X_HE_T305_01,1,22.635,0,305,1.0,689,1.0,66,F,ascending colon,ascending colon,M (G12C),WT,WT,WT,WT,WT,NO LOSS,0,P,3,3B,pT3,N1,M1,A/C,Mod,N,0.3mm,N,,-,-
SR386_40X_HE_T306_01,3,65.703,1,306,0.0,Alive,,50,F,rectum,rectum,M (G12V),WT,WT,WT,WT,WT,NO LOSS,0,P,2,2A,pT3,N0,,A/C (mucinous component),Poor,N,15mm,N,,Y,N
SR386_40X_HE_T308_01,3,65.703,1,308,0.0,Alive,,61,M,rectum,rectum,WT,WT,WT,WT,WT,WT,NO LOSS,0,P,1,1,pT2,N0,,A/C,Mod,N,>5mm,Y,Lymphatic and intramural venous,Y,N
SR386_40X_HE_T309_01,1,17.806,0,309,1.0,542,,71,F,ascending colon,ascending colon,M (G12D),WT,WT,WT,WT,WT,NO LOSS,0,P,1,1,pT2,N0,,A/C,Mod,N,3mm,Not present,,-,-
SR386_40X_HE_T311_01,3,65.703,1,311,0.0,Alive,,67,M,sigmoid colon,sigmoid colon,WT,WT,WT,WT,WT,WT,NO LOSS,0,P,3,3A,pT2,N1,,A/C,Mod,N,Less than 1mm,N,,-,-
SR386_40X_HE_T312_01,3,65.703,1,312,0.0,Alive,,52,F,sigmoid colon,sigmoid colon,M (G12D),WT,FAIL,WT,FAIL,WT,NO LOSS,0,P,3C,3C,pT4a,N2,,A/C,Mod,Y,-,Y,Lymphatic and venous,-,-
SR386_40X_HE_T314_01,3,65.703,1,314,0.0,Alive,,81,M,descending colon,descending colon,WT,WT,WT,WT,WT,WT,NO LOSS,0,P,2,2A,pT3,N0,,A/C,Mod (mucinous areas and occasional signet),N,0.3mm,N,,-,-
SR386_40X_HE_T315_01,1,13.108,0,315,1.0,399,1.0,53,F,transverse colon,transverse colon,WT,WT,WT,WT,WT,M (V600E),NO LOSS,0,P,3C,3C,pT4b,N2,,A/C,Poor,Y,0mm,Y,Lymphatic and venous,-,-
SR386_40X_HE_T316_01,2,31.275,0,316,1.0,952,,66,M,splenic flexure,splenic flexure,WT,WT,WT,WT,WT,WT,NO LOSS,0,P,2,2A,pT3,N0,,A/C,Mod,N,0.3mm,N,,-,-
SR386_40X_HE_T318_01,3,65.703,1,318,0.0,Alive,,66,M,lower rectum,rectum,M (G13D),WT,WT,WT,WT,WT,NO LOSS,0,P,1,1,pT2,N0,,A/C,Mod,N,5mm,N,,N,N
SR386_40X_HE_T319_01,3,65.703,1,319,0.0,Alive,,72,M,descending colon,descending colon,WT,WT,FAIL,WT,WT,WT,"MLH1, PMS2 LOSS",1,P,1,1,pT2,N0,,A/C,Mod,N,0.9mm,N,,-,-
SR386_40X_HE_T321_01,3,46.551,0,321,1.0,1417,1.0,69,M,sigmoid,sigmoid colon,WT,WT,WT,WT,WT,WT,NO LOSS,0,P,3C,3C,pT4b,N2,,A/C,Mod,Y,0mm (on surface),Y,,-,-
SR386_40X_HE_T324_01,3,65.703,1,324,0.0,Alive,,61,M,ascending colon,ascending colon,WT,WT,WT,WT,WT,M (V600E),"MLH1, PMS2 LOSS",1,P,2,2B,pT4,N0,,A/C,Mod,Y,-,N,,-,-
SR386_40X_HE_T325_01,3,65.703,1,325,0.0,Alive,,57,M,caecum,caecum,WT,WT,WT,WT,WT,WT,NO LOSS,0,P,2,2B,pT4b,N0,,A/C,Mod,Y,0mm,Y,Venous and lymphatic,-,-
SR386_40X_HE_T326_01,0,6.439,0,326,1.0,196,,97,F,ascending colon,ascending colon,M (G12D),WT,WT,WT,WT,WT,NO LOSS,0,P,2,2B,pT4b,N0,,A/C (focally mucinous),Well,Y,0mm,N,Intramural venous invasion present,-,-
SR386_40X_HE_T327_01,3,65.703,1,327,0.0,Alive,,50,M,lower rectum,rectum,WT,WT,FAIL,WT,WT,FAIL,NO LOSS,0,P,1,1,pT2,N0,,A/C,Poor,N,Not assessed,N,,Y,N
SR386_40X_HE_T329_01,3,65.703,1,329,0.0,Alive,,83,M,lower rectum,rectum,WT,WT,WT,WT,WT,WT,NO LOSS,0,P,1,1,pT2,N0,,A/C,Mod,-,-,-,,N,N
SR386_40X_HE_T330_01,3,65.703,1,330,0.0,Alive,,66,M,upper rectum,rectum,WT,WT,WT,WT,WT,M (V600E),NO LOSS,0,P,4,4,pT3,N0,M1,A/C,Mod,N,3mm,N,,N,N
SR386_40X_HE_T331_01,0,4.402,0,331,1.0,134,1.0,55,F,rectum,rectum,M (G13D),WT,WT,WT,WT,WT,NO LOSS,0,P,4,4,pT4b,N2,M1,A/C (Mucinous),Poor (focal signet ring cell morph),N,-,Y,Lymphatic and Venous,N,N
SR386_40X_HE_T332_01,0,0.591,0,332,1.0,18,,82,F,caecum,caecum,WT,WT,WT,WT,WT,M (V600E),"MLH1, PMS2 LOSS",1,P,4,4,pT4b,N2,M1,A/C (Mucinous),Mod to Poor,Y,0mm,Y,Lymphatic and Venous,-,-
SR386_40X_HE_T333_01,2,35.25,0,333,1.0,1073,,88,M,caecum/ascending colon,caecum,M (G12V),WT,FAIL,WT,WT,WT,NO LOSS,0,P,3,3B,pT4b,N1,,A/C (focally mucinous),Mod,Y,0mm,N,,-,-
SR386_40X_HE_T335_01,3,65.703,1,335,0.0,Alive,,86,M,rectum,rectum,M (G12S),WT,WT,WT,WT,WT,NO LOSS,0,P,3,3B,pT3,N1,,A/C,Mod,N,-,N,Intramural venous,N,N
SR386_40X_HE_T336_01,0,6.57,0,336,1.0,200,1.0,54,M,splenic flexure,splenic flexure,M (G12D),WT,WT,WT,WT,WT,NO LOSS,0,P,3C,3C,pT4b,N2,,A/C,Mod,Y,0mm,Y,Extramural venous,-,-
SR386_40X_HE_T337_01,3,65.703,1,337,0.0,Alive,,78,M,rectosigmoid,rectum,WT,WT,WT,WT,WT,WT,NO LOSS,0,P,1,1,pT2,N0,,A/C,Mod,N,,N,,N,N
SR386_40X_HE_T338_01,0,1.117,0,338,1.0,34,,68,M,caecum,caecum,WT,M (Q61H),WT,WT,WT,WT,NO LOSS,0,P,3,3B,pT3,N1,,A/C,Mod,N,0.9mm,Y,Venous and intramural lymphatic,-,-
SR386_40X_HE_T339_01,1,21.124,0,339,1.0,643,,79,M,ascending colon,ascending colon,M (G12V),WT,WT,WT,WT,WT,NO LOSS,0,P,2,2A,pT3,N0,,A/C,Mod,N,2.8mm,Y,venous,-,-
SR386_40X_HE_T341_01,3,65.703,1,341,0.0,Alive,,84,M,caecum,caecum,WT,WT,WT,WT,WT,WT,NO LOSS,0,P,3,3A,pT2,N1,,A/C,Mod (some mucinous differentiation),N,5mm,N,,-,-
SR386_40X_HE_T342_01,2,26.445,0,342,1.0,805,1.0,39,M,caecum,caecum,M (G13D),WT,WT,WT,WT,WT,NO LOSS,0,P,4,4,pT3,N2,M1,A/C,Mod,N,6.5mm,N,Submucosal lymphatic invasion,-,-
SR386_40X_HE_T343_01,3,65.703,1,343,0.0,Alive,,76,F,ascending colon,ascending colon,WT,WT,WT,WT,WT,WT,"MLH1, PMS2 LOSS",1,P,2,2A,pT3,N0,,A/C,Mod,N,6mm,N,,-,-
SR386_40X_HE_T344_01,0,2.398,0,344,1.0,73,1.0,79,F,sigmoid,sigmoid colon,WT,WT,WT,WT,WT,WT,NO LOSS,0,P,4,4,pT3,N1,cM1 (liver),A/C,Poor,N,1.2mm,Y,Venous,-,-
SR386_40X_HE_T346_01,3,65.703,1,346,0.0,Alive,,71,F,rectum,rectum,M (G12S),WT,WT,WT,WT,WT,NO LOSS,0,P,3C,3C,pT3,N2,,A/C (mucinous),Mod,N,1.2mm,Y,Venous,Y,N
SR386_40X_HE_T347_01,3,59.166,0,347,1.0,1801,,74,F,caecum/ascending colon,caecum,WT,WT,WT,WT,WT,WT,NO LOSS,0,P,3,3B,pT3,N1,,A/C (mucinous),Poor,N,0.01mm,N,Intramural venous,-,-
SR386_40X_HE_T350_01,3,65.703,1,350,0.0,Alive,,80,F,rectum,rectum,M (G12A),WT,WT,WT,WT,WT,NO LOSS,0,P,2,2A,pT3,N0,,A/C,Mod,N,8mm,N,Intramural venous,N,N
SR386_40X_HE_T351_01,3,65.703,1,351,0.0,Alive,,71,F,transverse colon,transverse colon,WT,WT,WT,WT,WT,WT,NO LOSS,0,P,1,1,pT2,N0,,A/C,Mod,N,>5mm,N,,-,-
SR386_40X_HE_T352_01,0,2.562,0,352,1.0,78,1.0,74,M,rectosigmoid,rectum,WT,WT,WT,WT,WT,WT,NO LOSS,0,P,4,4,pT3,N0,M1,A/C,Mod,N,1.2mm,Y,Venous,-,-
SR386_40X_HE_T353_01,3,65.703,1,353,0.0,Alive,,69,M,rectosigmoid,rectum,WT,WT,WT,WT,WT,WT,NO LOSS,0,P,1,1,pT2,N0,,A/C,Mod,N,>5mm,N,,-,-
SR386_40X_HE_T355_01,0,0.657,0,355,1.0,20,1.0,75,F,upper rectum/sigmoid,sigmoid colon,WT,WT,WT,WT,WT,WT,NO LOSS,0,P,4,4,pT4b,N2,M1,A/C,Poor,Y,0mm,Y,Lymphatic and venous,N,N
SR386_40X_HE_T357_01,3,65.703,1,357,0.0,Alive,,63,M,rectum,rectum,WT,WT,WT,WT,WT,WT,NO LOSS,0,P,1,1,pT2,N0,,A/C,Mod,N,7mm,N,,Y,N
SR386_40X_HE_T360_01,2,39.258,0,360,1.0,1195,,86,F,transverse colon,transverse colon,WT,WT,WT,WT,WT,WT,NO LOSS,0,P,2,2B,pT4b,N0,,A/C,Poor,Y,0mm,N,,-,-
SR386_40X_HE_T361_01,3,50.46,0,361,1.0,1536,,63,M,rectum,rectum,WT,WT,FAIL,WT,WT,WT,NO LOSS,0,P,3,3B,pT3,N1,,A/C,Mod,N,-,Y,Extramural lymphatic and intramural venous,N,N
SR386_40X_HE_T362_01,3,65.703,1,362,0.0,Alive,,55,M,ascending colon,ascending colon,WT,M (Q61H),WT,M (G12A),WT,WT,NO LOSS,0,P,3,3B,pT4b,N1,,A/C,Mod,Y,0mm,N,,-,-
SR386_40X_HE_T363_01,1,19.547,0,363,1.0,595,,71,M,ascending colon,ascending colon,WT,WT,WT,WT,WT,M (V600E),"MLH1, PMS2 LOSS",1,P,2,2A,pT3,N0,,A/C,Mod,N,5mm,N,Intramural venous,-,-
SR386_40X_HE_T364_01,3,65.703,1,364,0.0,Alive,,42,M,splenic flexure,splenic flexure,WT,WT,WT,WT,WT,WT,NO LOSS,0,P,3,3B,pT3,N1,,A/C,Mod,N,3mm,Y,Extramural lymphatic and intramural venous,-,-
SR386_40X_HE_T366_01,3,65.703,1,366,0.0,Alive,,39,F,rectum,rectum,WT,WT,WT,WT,WT,WT,NO LOSS,0,P,3,3A,pT2,N1,,A/C,Mod,N,Not measured,Not identified,,-,-
SR386_40X_HE_T368_01,0,2.497,0,368,1.0,76,1.0,80,F,caecum,caecum,WT,WT,WT,WT,WT,M (V600E),"MLH1, PMS2 LOSS",1,P,4,4,pT3,N2,M1,A/C (Medullary),Poor,N,0.2mm,N,,-,-
SR386_40X_HE_T372_01,2,36.958,0,372,1.0,1125,1.0,78,M,caecum/ileocaecal valve,caecum,M (G13D),WT,WT,WT,WT,WT,NO LOSS,0,P,3C,3C,pT4,N2,,A/C,Mod,Y,0mm,Y,Lymphatic and venous,-,-
SR386_40X_HE_T373_01,3,65.703,1,373,0.0,Alive,,70,M,caecum,caecum,M (G12D),WT,WT,WT,WT,WT,NO LOSS,0,P,4,4,pT4b,N0,,A/C,Mod,??,-,N,,-,-
SR386_40X_HE_T374_01,1,21.781,0,374,1.0,663,,69,F,rectum,rectum,WT,WT,WT,WT,WT,WT,NO LOSS,0,P,1,1,pT2,N0,,A/C,Mod-Poor,N,35mm,N,,Y,N
SR386_40X_HE_T375_01,3,65.703,1,375,0.0,Alive,,71,M,hepatic flexure,hepatic flexure,WT,WT,WT,WT,WT,WT,NO LOSS,0,P,2,2A,pT3,N0,,A/C,Mod,N,2mm,N,,-,-
SR386_40X_HE_T377_01,3,65.703,1,377,0.0,Alive,,65,F,splenic flexure,splenic flexure,WT,WT,WT,WT,WT,WT,"MLH1, PMS2 LOSS",1,P,1,1,pT1,N0,,A/C (mucinous),Poor,N,3mm,N,,-,-
SR386_40X_HE_T378_01,3,65.703,1,378,0.0,Alive,,66,F,rectum,rectum,WT,WT,WT,WT,WT,WT,NO LOSS,0,P,3C,3C,pT3,pN2,MX,A/C,Mod-Poor,-,>10mm,Y,"extra venous, perineural invasion also",-,-
SR386_40X_HE_T379_01,3,65.703,1,379,0.0,Alive,,69,M,distal sigmoid colon,sigmoid colon,WT,WT,WT,WT,WT,WT,NO LOSS,0,P,3,3B,pT3,N1,,A/C,Mod,N,0.4mm,Y,Venous,-,-
SR386_40X_HE_T380_01,3,65.703,1,380,0.0,Alive,,79,M,sigmoid colon,sigmoid colon,WT,WT,WT,WT,WT,WT,NO LOSS,0,P,2,2A,pT3,N0,,A/C,Mod,N,2mm,Not identified,,-,-
SR386_40X_HE_T381_01,3,75.46,0,381,1.0,2297,,85,M,rectum,rectum,WT,WT,M (K117N),WT,WT,WT,NO LOSS,0,P,2,2A,pT3,N0,,A/C (focally mucinous),Mod,N,1mm,Y,Venous,N,N
SR386_40X_HE_T382_01,2,39.126,0,382,1.0,1191,1.0,63,M,rectum,rectum,M (G13D),WT,WT,WT,WT,WT,NO LOSS,0,P,2,2A,pT3,N0,,A/C (residual),Mod,N,-,N,,N,N
SR386_40X_HE_T384_01,3,52.037,0,384,1.0,1584,,86,M,sigmoid colon,sigmoid colon,WT,WT,WT,WT,WT,WT,NO LOSS,0,P,3C,3C,pT4b,N2,,A/C,Mod,Y,0mm,Y,Venous,-,-
SR386_40X_HE_T386_01,3,65.703,1,386,0.0,Alive,,55,M,sigmoid colon,sigmoid colon,WT,WT,WT,WT,WT,WT,NO LOSS,0,P,2,2A,pT3,N0,,A/C,Mod,N,0.2mm,N,Intramural venous,-,-
SR386_40X_HE_T387_01,2,31.603,0,387,1.0,962,,87,F,splenic flexure,splenic flexure,WT,WT,WT,WT,WT,WT,NO LOSS,0,P,2,2A,pT3,N0,,A/C,Mod,N,0.7mm,N,,-,-
SR386_40X_HE_T389_01,3,65.703,1,389,0.0,Alive,,80,F,ascending colon,ascending colon,WT,WT,WT,WT,WT,WT,NO LOSS,0,P,3,3B,pT3,N1,,A/C,Mod,N,1.5mm,Y,Venous,-,-
SR386_40X_HE_T391_01,1,16.721,0,391,1.0,509,1.0,84,M,rectosigmoid,rectum,M (G12S),WT,WT,WT,WT,WT,NO LOSS,0,P,2,2A,pT3,N0,,A/C,Well,N,Not measured,Y,Venous,Y,N
SR386_40X_HE_T392_01,2,31.11,0,392,1.0,947,,81,M,sigmoid colon,sigmoid colon,WT,WT,FAIL,WT,WT,WT,NO LOSS,0,P,2,2A,pT3,pN0,,A/C,Mod,N,>5mm,Not identified,,-,-
SR386_40X_HE_T393_01,3,65.703,1,393,0.0,Alive,,59,M,splenic flexure,splenic flexure,M (G12A),WT,WT,WT,WT,WT,NO LOSS,0,P,2,2A,pT3,N0,,A/C,Mod,N,1.2mm,Y,,-,-
SR386_40X_HE_T394_01,3,65.703,1,394,0.0,Alive,,49,M,distal sigmoid,sigmoid colon,WT,WT,WT,WT,WT,WT,NO LOSS,0,P,2,2A,pT3,N0,,A/C,Mod,N,0.5mm,Y,,-,-
SR386_40X_HE_T395_01,3,65.703,1,395,0.0,Alive,,78,M,rectum,rectum,M (G12V),WT,WT,WT,WT,WT,NO LOSS,0,P,2,2A,ypT3,N0,,A/C,Mod,N,Not assessed,N,,-,Y
SR386_40X_HE_T396_01,3,65.703,1,396,0.0,Alive,,75,F,sigmoid colon,sigmoid colon,WT,WT,WT,WT,WT,WT,NO LOSS,0,P,2,2A,pT3,N0,,A/C,Mod,N,<2mm,N,,-,-
SR386_40X_HE_T397_01,0,0.0,0,397,1.0,0,1.0,91,F,caecum/ascending colon,caecum,WT,WT,WT,WT,WT,M (D584N) - LOW LEVEL ,NO LOSS,0,P,2,2A,pT3,N0,,A/C,Mod,N,>1mm,N,,-,-
SR386_40X_HE_T398_01,1,16.557,0,398,1.0,504,,66,M,rectum,rectum,WT,WT,WT,WT,WT,WT,NO LOSS,0,P,4,4,ypT3,N0,M1,A/C,Mod,,,Y,Venous,N,Y
SR386_40X_HE_T399_01,3,65.703,1,399,0.0,Alive,,82,F,caecum/ascending colon,caecum,WT,M (Q61L),WT,WT,WT,WT,NO LOSS,0,P,3,3B,pT4b,N1,,A/C,Mod,Y,0mm,Y,Venous,-,-
SR386_40X_HE_T401_01,0,4.468,0,401,1.0,136,1.0,58,M,caecum,caecum,WT,WT,WT,WT,WT,M (V600E),NO LOSS,0,P,3C,3C,pT4b,N2,,A/C,Poor,Y,0MM,Y,Lymphatic and Venous,-,-
SR386_40X_HE_T402_01,3,60.808,0,402,1.0,1851,,77,M,caecum/small bowel,caecum,M (G12D),WT,WT,WT,WT,WT,PMS2 LOSS,1,P,2,2B,pT4b,N0,,A/C,"Mod (areas of poor differentiation, focal mucinous differentiation)",Y,0mm,Y,Venous,-,-
SR386_40X_HE_T403_01,3,65.703,1,403,0.0,Alive,,33,F,sigmoid colon,sigmoid colon,WT,WT,WT,WT,WT,WT,NO LOSS,0,P,3,3B,pT3,N1,,A/C,Mod,N,<1mm,Y,Venous,-,-
SR386_40X_HE_T404_01,3,65.703,1,404,0.0,Alive,,83,M,distal sigmoid colon,sigmoid colon,WT,WT,WT,WT,M (Q61K),WT,NO LOSS,0,P,1,1,pT1,N0,,A/C,Mod,N,6mm,N,,-,-
SR386_40X_HE_T405_01,3,59.264,0,405,1.0,1804,1.0,69,M,rectum,rectum,WT,WT,WT,WT,WT,M (V600E),NO LOSS,0,P,3,3B,pT3,N1,,A/C,Mod,N,13mm,N,,Y,N
SR386_40X_HE_T406_01,1,20.368,0,406,1.0,620,1.0,86,F,caecum,caecum,M (G12D),WT,WT,WT,WT,WT,NO LOSS,0,P,3C,3C,pT4b,pN2,,A/C,Poor,Y,0mm,Y,Venous,-,-
SR386_40X_HE_T407_01,3,65.703,1,407,0.0,Alive,,75,M,rectum,rectum,WT,WT,WT,WT,WT,WT,NO LOSS,0,P,1,1,pT2,N0,,A/C,Mod,N,-,N,Intramural venous,Y,N
SR386_40X_HE_T408_01,2,37.418,0,408,1.0,1139,1.0,75,M,rectum,rectum,M (G13D),WT,WT,WT,WT,WT,NO LOSS,0,P,2,2A,pT3,N0,,A/C,Mod,Not identified,,Not identified,,-,-
SR386_40X_HE_T409_01,1,25.099,0,409,1.0,764,,57,F,rectosigmoid,rectum,WT,WT,WT,WT,WT,WT,NO LOSS,0,P,3,3B,pT4b,N1,,A/C,Mod,Y,0mm,N,,-,-
SR386_40X_HE_T410_01,3,65.703,1,410,0.0,Alive,,58,F,rectum,rectum,WT,WT,WT,WT,WT,WT,NO LOSS,0,P,3,3B,pT3,N1,,A/C (Mucinous),Well,-,-,N,,N,N
SR386_40X_HE_T413_01,3,42.346,0,413,1.0,1289,1.0,76,M,rectum,rectum,M (G12C),WT,WT,WT,WT,WT,NO LOSS,0,P,3,3B,pT3,N1,,A/C,Poor,N,35mm,N,,Y,N
SR386_40X_HE_T414_01,3,43.627,0,414,1.0,1328,1.0,75,F,rectosigmoid,rectum,M (G12D),WT,WT,WT,WT,WT,NO LOSS,0,P,2,2B,pT4,N0,MX,A/C,Poor,N,8mm,N,,-,-
SR386_40X_HE_T415_01,3,65.703,1,415,0.0,Alive,,68,F,rectum,rectum,WT,WT,WT,WT,WT,WT,NO LOSS,0,P,3C,3C,pT3,N2,,A/C,Mod,N,-,Y,Venous,Y,N
SR386_40X_HE_T416_01,1,24.77,0,416,1.0,754,1.0,69,M,caecum,caecum,M (G12C),WT,WT,WT,WT,WT,NO LOSS,0,P,3C,3C,pT4,N2,,A/C,Mod,Y,-,Y,"Lymphatic and venous, extensive perineural infiltration alos",-,-
SR386_40X_HE_T417_01,3,65.703,1,417,0.0,Alive,,33,F,rectum,rectum,WT,WT,WT,WT,WT,WT,NO LOSS,0,P,3C,3C,pT3,N2,,A/C,Mod,N,35mm,Y,Lymphatic and venous,N,N
SR386_40X_HE_T418_01,3,65.703,1,418,0.0,Alive,,54,M,upper rectum,rectum,WT,WT,WT,WT,WT,WT,NO LOSS,0,P,2,2A,pT3,N0,,A/C,Mod,N,0.15mm,N,,N,N
SR386_40X_HE_T419_01,3,65.703,1,419,0.0,Alive,,59,F,caecum,caecum,M (G12V),WT,WT,WT,WT,WT,NO LOSS,0,P,3,3B,pT4,N1,,A/C (serrated morph and mucinous component),Mod,Y,-,N,,-,-
SR386_40X_HE_T421_01,3,65.703,1,421,0.0,Alive,,86,F,ascending colon,ascending colon,WT,WT,WT,WT,WT,WT,NO LOSS,0,P,2,2A,pT3,N0,,A/C,Mod,N,>5mm,Y,Venous,-,-
SR386_40X_HE_T422_01,3,65.703,1,422,0.0,Alive,,53,M,lower rectum,rectum,WT,WT,WT,WT,WT,WT,NO LOSS,0,P,1,1,pT2,N0,,A/C,Mod,N,53mm,Not identified,,Y,N
SR386_40X_HE_T423_01,3,61.202,0,423,1.0,1863,,78,F,lower rectum,rectum,M (G12V),WT,WT,WT,WT,WT,NO LOSS,0,P,2,2A,pT3,N0,,A/C,Mod,N,Not measured,N,,N,N
SR386_40X_HE_T424_01,3,65.703,1,424,0.0,Alive,,75,M,caecum,caecum,M (G12D),WT,WT,WT,WT,WT,NO LOSS,0,P,2,2A,pT3,N0,,A/C,Mod,N,1.2mm,N,,-,-
SR386_40X_HE_T425_01,3,65.703,1,425,0.0,Alive,,52,F,rectum,rectum,M (G12D),WT,WT,WT,WT,WT,NO LOSS,0,P,3,3A,pT2,N1,,A/C,Mod,N,-,N,,Y,N
SR386_40X_HE_T426_01,3,65.703,1,426,0.0,Alive,,67,M,sigmoid colon,sigmoid colon,M (G12D),WT,WT,WT,WT,WT,NO LOSS,0,P,3,3B,pT4b,N1,,A/C,Mod,Y,0mm,Y,Venous,-,-
SR386_40X_HE_T428_01,3,65.703,1,428,0.0,Alive,,50,M,proximal transverse colon,transverse colon,WT,WT,FAIL,WT,WT,WT,NO LOSS,0,P,3,3B,pT3,N1,,A/C,Poor,N,0.2mm,Y,Venous,-,-
SR386_40X_HE_T429_01,1,12.746,0,429,1.0,388,1.0,83,M,caecum,caecum,M (G12D),WT,WT,WT,WT,WT,NO LOSS,0,P,3C,3C,pT4b,N2,,A/C,Mod,Y,0mm,Y,Venous,-,-
SR386_40X_HE_T431_01,3,65.703,1,431,0.0,Alive,,71,F,rectum,rectum,WT,WT,WT,WT,WT,M (V600E),NO LOSS,0,P,1,1,pT2,N0,,A/C,Mod,N,1.1mm,N,,N,N
SR386_40X_HE_T433_01,3,65.703,1,433,0.0,Alive,,69,F,caecum,caecum,WT,WT,WT,WT,M (Q61R),WT,NO LOSS,0,P,1,1,pT1,N0,,A/C,Mod,N,>5mm,N,,-,-
SR386_40X_HE_T435_01,1,10.874,0,435,1.0,331,1.0,68,F,descending colon,descending colon,WT,WT,WT,WT,WT,M (V600E),NO LOSS,0,P,3,3B,pT4b,N1,,A/C,Poor,Y,0mm,Y,Lymphatic and venous,-,-
SR386_40X_HE_T436_01,3,65.703,1,436,0.0,Alive,,77,M,rectosigmoid,rectum,M (G12D),WT,WT,WT,WT,WT,"MLH1, PMS2 LOSS",1,P,2,2A,pT3,N0,,A/C,Mod,N,4mm,N,,-,-
SR386_40X_HE_T437_01,3,65.703,1,437,0.0,Alive,,63,M,rectum,rectum,WT,WT,WT,WT,WT,WT,NO LOSS,0,P,3C,3C,pT3,N2,,A/C,Mod,N,5mm,N,,-,-
SR386_40X_HE_T438_01,3,65.703,1,438,0.0,Alive,,88,M,sigmoid colon,sigmoid colon,WT,WT,WT,WT,WT,WT,NO LOSS,0,P,1,1,pT2,N0,,A/C,Mod,N,3mm,N,,-,-
SR386_40X_HE_T439_01,2,29.271,0,439,1.0,891,1.0,82,F,ascending colon,ascending colon,WT,WT,WT,WT,WT,WT,NO LOSS,0,P,3,3B,pT4b,N1,,A/C,Mod,Y,0mm,N,,-,-
SR386_40X_HE_T440_01,3,65.703,1,440,0.0,Alive,,59,F,caecum,caecum,M (G12D),WT,WT,WT,WT,WT,NO LOSS,0,P,3,3B,pT3,N1,,A/C (Mucinous),Mod,N,1mm,Probable,,N,N
SR386_40X_HE_T441_01,3,65.703,1,441,0.0,Alive,,55,F,rectosigmoid,rectum,WT,WT,WT,WT,WT,WT,NO LOSS,0,P,3,3B,pT4,N1,,A/C,Mod,N,1.6mm,N,,-,-
SR386_40X_HE_T443_01,3,57.556,0,443,1.0,1752,1.0,44,F,right hemicolon,ascending colon,M (G12V),WT,WT,WT,WT,WT,NO LOSS,0,P,3C,3C,pT4,N2,,A/C,Well,Y,-,N,,-,-
SR386_40X_HE_T445_01,3,65.703,1,445,0.0,Alive,,82,M,caecum,caecum,M (G12D),WT,WT,WT,WT,WT,NO LOSS,0,P,2,2A,pT3,N0,,A/C (Mucinous),Mod,N,1.8mm,N,,-,-
SR386_40X_HE_T447_01,3,65.703,1,447,0.0,Alive,,48,F,upper rectum,rectum,WT,WT,WT,WT,WT,WT,NO LOSS,0,P,4,4,pT3,N0,M1,A/C,Poor,N,7mm,Y,Lymphatic and venous,Y,N
SR386_40X_HE_T448_01,3,65.703,1,448,0.0,Alive,,58,M,ascending colon,ascending colon,WT,WT,WT,WT,WT,M (V600E),NO LOSS,0,P,3,3B,pT3,N1,,A/C (mucinous),Well,N,1.2mm,N,,-,-
SR386_40X_HE_T449_01,0,6.11,0,449,1.0,186,1.0,59,M,ileocolic resection??,caecum,WT,WT,WT,M (codon 14),WT,WT,NO LOSS,0,P,,,,,,,,,,,,,
SR386_40X_HE_T450_01,3,65.703,1,450,0.0,Alive,,67,M,sigmoid colon,sigmoid colon,WT,WT,WT,WT,WT,WT,NO LOSS,0,P,3,3A,pT2,N1,,A/C,Mod,N,Well clear,N,,-,-
SR386_40X_HE_T451_01,3,50.788,0,451,1.0,1546,,83,F,sigmoid colon,sigmoid colon,M (G12V),WT,WT,WT,WT,WT,NO LOSS,0,P,2,2A,pT3,N0,,A/C,Mod,N,5mm,Y,Venous,-,-
SR386_40X_HE_T452_01,3,65.703,1,452,0.0,Alive,,74,M,rectum,rectum,WT,WT,WT,WT,WT,WT,NO LOSS,0,P,3,3B,pT3,N1,,A/C,Mod (areas of focal poor),N,-,Y,Lymphatic and venous,-,-
SR386_40X_HE_T453_01,3,65.703,1,453,0.0,Alive,,71,M,splenic flexure,splenic flexure,WT,WT,WT,M (G12D),WT,WT,NO LOSS,0,P,2,2A,pT3,N0,,A/C,Mod,N,0.9mm,N,,-,-
SR386_40X_HE_T454_01,3,65.703,1,454,0.0,Alive,,58,F,distal sigmoid,sigmoid colon,WT,WT,WT,WT,WT,WT,NO LOSS,0,P,3C,3C,pT4b,N2,,A/C,Mod,Y,0mm,Y,Lymphatic and venous,-,-
SR386_40X_HE_T455_01,3,65.703,1,455,0.0,Alive,,52,F,rectum,rectum,M (G12S),WT,WT,WT,WT,WT,NO LOSS,0,P,3,3B,pT4,N1,,A/C,Mod,Y,0mm,Y,Venous,Y,N
SR386_40X_HE_T456_01,3,65.703,1,456,0.0,Alive,,69,M,sigmoid colon,sigmoid colon,WT,WT,WT,WT,WT,WT,NO LOSS,0,P,2,2A,pT3,N0,,A/C,Mod,N,1.2mm,N,,-,-
SR386_40X_HE_T459_01,2,29.961,0,459,1.0,912,1.0,66,M,sigmoid colon,sigmoid colon,M (G12D),WT,FAIL,WT,FAIL,WT,NO LOSS,0,P,2,2B,pT4b,N0,,A/C,Mod,Y,0mm,Y,Venous,-,-
SR386_40X_HE_T460_01,2,39.028,0,460,1.0,1188,,61,F,caecum,caecum,WT,WT,WT,WT,WT,M (V600E),"MLH1, PMS2 LOSS",1,P,3,3B,pT4,N1,,A/C,Mod,Y,,Y,,-,-
SR386_40X_HE_T461_01,3,65.703,1,461,0.0,Alive,,81,F,ascending colon,ascending colon,M (G12C),WT,WT,WT,WT,WT,NO LOSS,0,P,3,3B,pT3,N1,,A/C,Mod,N,2mm,N,Intramural venous,-,-
SR386_40X_HE_T462_01,3,65.703,1,462,0.0,Alive,,52,F,rectosigmoid,rectum,WT,WT,WT,WT,WT,WT,NO LOSS,0,P,3,3B,pT3,N1,,A/C,Mod,N,<1mm,Y,Venous,-,-
SR386_40X_HE_T465_01,3,65.703,1,465,0.0,Alive,,83,F,sigmoid colon,sigmoid colon,M (G12D),WT,WT,WT,WT,WT,NO LOSS,0,P,3C,3C,pT3,N2,,A/C,Mod,N,0.8mm,Y,Venous,-,-
SR386_40X_HE_T468_01,3,65.703,1,468,0.0,Alive,,67,M,rectum,rectum,WT,WT,WT,WT,WT,WT,NO LOSS,0,P,1,1,pT2,N0,,A/C,Mod,N,-,N,Intramural venous,Y,N
SR386_40X_HE_T469_01,3,47.7,0,469,1.0,1452,,88,F,transverse colon,transverse colon,WT,WT,WT,WT,WT,M (V600E),"MLH1, PMS2 LOSS",1,P,3C,3C,pT4a,N2,,A/C,Mod to Poor (sig areas of poor),??,??,Y,Extramural venous and supiscious focus of extramural lymphatic ,-,-
SR386_40X_HE_T470_01,3,65.703,1,470,0.0,Alive,,85,M,sigmoid colon,sigmoid colon,WT,WT,WT,WT,WT,WT,NO LOSS,0,P,2,2B,pT4,N0,,A/C,Mod,Not directly visualised but presumed yes,,Y,Venous,-,-
SR386_40X_HE_T471_01,3,52.661,0,471,1.0,1603,,82,M,rectum,rectum,M (G12V),WT,FAIL,WT,WT,WT,NO LOSS,0,P,3,3B,pT3,N1,,A/C,Mod,N,1mm,N,,-,-
SR386_40X_HE_T472_01,3,65.703,1,472,0.0,Alive,,71,M,rectosigmoid,rectum,WT,WT,WT,WT,WT,WT,NO LOSS,0,P,2,2A,pT3,N0,,A/C,Poor,N,1.6mm,N,,Y,N
SR386_40X_HE_T473_01,2,35.283,0,473,1.0,1074,1.0,80,M,upper rectum,rectum,M (G13D),WT,WT,WT,WT,WT,NO LOSS,0,P,3C,3C,pT3,N2,,A/C (mucinous component),Mod,N,0.2mm,Y,Venous,N,N
SR386_40X_HE_T474_01,0,6.537,0,474,1.0,199,1.0,67,F,rectum,rectum,WT,WT,WT,WT,WT,WT,NO LOSS,0,P,2,2A,ypT3,N0,,A/C,Mod,N,-,N,,N,Y
SR386_40X_HE_T475_01,3,48.16,0,475,1.0,1466,1.0,39,F,rectum,rectum,WT,WT,FAIL,WT,FAIL,M (V600E),NO LOSS,0,P,4,4,pT4b,N2,M1,A/C,Mod,Y,0mm,Y,Venous and lymphatic,-,-
SR386_40X_HE_T476_01,3,65.703,1,476,0.0,Alive,,58,F,rectum,rectum,WT,WT,WT,WT,WT,WT,NO LOSS,0,P,1,1,pT1,N0,,A/C,Poor,N,Not measured,N,,N,N
SR386_40X_HE_T477_01,3,47.405,0,477,1.0,1443,,87,F,ascending colon,ascending colon,WT,WT,WT,WT,WT,WT,NO LOSS,0,P,3,3B,pT4,N1,,A/C,Mod,Y,0mm,Y,Venous and lymphatic,-,-
SR386_40X_HE_T478_01,3,61.301,0,478,1.0,1866,1.0,55,M,lower rectum,rectum,WT,WT,WT,WT,WT,WT,NO LOSS,0,P,3C,3C,ypT3,ypN2,,A/C,Mod,N,>10mm,Y,Intra and extramural venous ,N,Y
SR386_40X_HE_T479_01,3,65.703,1,479,0.0,Alive,,59,F,rectosigmoid,rectum,WT,WT,WT,WT,WT,WT,NO LOSS,0,P,2,2A,pT3,N0,MX,A/C,Mod,N,1mm,Y,,-,-
SR386_40X_HE_T480_01,3,51.478,0,480,1.0,1567,1.0,57,F,caecum,caecum,WT,WT,WT,WT,WT,WT,NO LOSS,0,P,2,2B,pT4,N0,,A/C,Well,Y,0mm,N,,-,-
SR386_40X_HE_T481_01,3,65.703,1,481,0.0,Alive,,62,M,sigmoid colon,sigmoid colon,WT,WT,WT,WT,WT,WT,NO LOSS,0,P,3,3B,pT3,N1,MX,A/C,Mod,N,0.2mm,Y,Venous,-,-
SR386_40X_HE_T482_01,3,65.703,1,482,0.0,Alive,,83,M,rectum,rectum,WT,WT,WT,WT,WT,WT,NO LOSS,0,P,1,1,pT2,N0,,A/C,Mod,N,,,,N,N
SR386_40X_HE_T483_01,1,23.982,0,483,1.0,730,,92,F,sigmoid colon,sigmoid colon,M (G12S),WT,WT,WT,WT,WT,NO LOSS,0,P,3,3B,pT3,N1,,A/C,Mod,-,0.2mm,N,focal perineural infiltration also seen,-,-
SR386_40X_HE_T484_01,3,65.703,1,484,0.0,Alive,,77,F,distal sigmoid colon,sigmoid colon,WT,WT,WT,M (G12D),WT,WT,NO LOSS,0,P,2,2A,pT3,N0,,A/C,Well,N,2.5mm,Not identified,,-,Not specifed
SR386_40X_HE_T486_01,3,65.703,1,486,0.0,Alive,,81,M,rectum,rectum,WT,WT,WT,WT,WT,WT,NO LOSS,0,P,3,3B,pT3,N1,,A/C,Mod,N,>4mm,Y,Venous,-,-
SR386_40X_HE_T487_01,3,65.703,1,487,0.0,Alive,,73,M,rectum,rectum,M (G12D),WT,WT,WT,WT,WT,NO LOSS,0,P,3C,3C,pT3,N2,,A/C,Mod,N,5mm,N,,-,-
SR386_40X_HE_T488_01,3,65.703,1,488,0.0,Alive,,65,M,sigmoid,sigmoid colon,M (G12V),WT,WT,WT,WT,WT,NO LOSS,0,P,2,2A,pT3,N0,,A/C,Mod,N,0.6mm,N,,-,-
SR386_40X_HE_T489_01,3,65.703,1,489,0.0,Alive,,76,M,upper rectum,rectum,WT,WT,WT,WT,WT,WT,PMS2 LOSS,1,P,3,3B,pT3,N1,,A/C,Mod,N,1mm,Y,,N,N
SR386_40X_HE_T490_01,2,28.384,0,490,1.0,864,,49,M,rectosigmoid junction,rectum,WT,WT,WT,WT,WT,WT,NO LOSS,0,P,3C,3C,pT4b,N2,,A/C,Well,Y,0mm,N,,-,-
SR386_40X_HE_T491_01,3,65.703,1,491,0.0,Alive,,66,F,descending colon,descending colon,M (G12V),WT,WT,WT,WT,WT,NO LOSS,0,P,2,2A,pT3,N0,,A/C,Mod,N,-,N,,-,-
SR386_40X_HE_T492_01,3,65.703,1,492,0.0,Alive,,50,F,transverse colon,transverse colon,WT,WT,WT,WT,WT,WT,NO LOSS,0,P,2,2A,pT3,N0,Mx,A/C,Mod,N,Not assessed,N,S mucosal vascular invasion but no extramural vascular invasion,-,-
SR386_40X_HE_T493_01,3,43.331,0,493,1.0,1319,1.0,59,M,,,WT,WT,WT,WT,WT,M (V600E),NO LOSS,0,P,3C,3C,pT3,N2,,A/C,Mod,N,<1mm,Y,Lymphatic and venous,N,N
SR386_40X_HE_T494_01,3,47.996,0,494,1.0,1461,1.0,64,F,rectum,rectum,WT,WT,WT,WT,WT,WT,NO LOSS,0,P,2,2B,pT4,N0,,A/C,Mod,N,Not applicable,Y,Extramural venous,-,-
SR386_40X_HE_T495_01,3,65.703,1,495,0.0,Alive,,80,M,rectum,rectum,WT,WT,WT,WT,WT,M (S605G) - LOW LEVEL ,NO LOSS,0,P,1,1,pT2,N0,,A/C,Mod,N,Clear but not measured,N,,-,-
SR386_40X_HE_T496_01,3,65.703,1,496,0.0,Alive,,71,M,rectosigmoid,rectum,WT,WT,WT,WT,WT,WT,NO LOSS,0,P,3,3B,pT3,N1,,A/C,Mod,N,20mm,N,,Y,N
SR386_40X_HE_T498_01,0,5.158,0,498,1.0,157,,61,F,appendix,caecum,M (G12D),WT,WT,WT,WT,WT,NO LOSS,0,P,3,3B,pT4b,N1,,A/C,Poor,Y,0mm,Y,Venous,-,-
SR386_40X_HE_T499_01,2,28.712,0,499,1.0,874,,76,M,sigmoid colon,sigmoid colon,WT,WT,WT,WT,WT,WT,NO LOSS,0,P,3C,3C,pT4,N2,,A/C,Mod (foci of poor at invasive front),Y,-,Y,Lymphatic and venous,-,-
SR386_40X_HE_T500_01,3,65.703,1,500,0.0,Alive,,71,F,sigmoid colon,sigmoid colon,WT,WT,WT,WT,WT,WT,NO LOSS,0,P,1,1,pT2,N0,,A/C,Mod,N,3mm,N,Intramural venous,-,-
SR386_40X_HE_T502_01,2,32.326,0,502,1.0,984,1.0,72,M,sigmoid colon,sigmoid colon,WT,WT,WT,WT,WT,WT,NO LOSS,0,P,3,3B,pT3,N1,,A/C,Mod,N,-,N,,-,-
SR386_40X_HE_T504_01,1,20.499,0,504,1.0,624,1.0,66,M,rectosigmoid,rectum,WT,WT,WT,WT,WT,WT,NO LOSS,0,P,4,4,pT3,N0,M1,A/C,Mod,N,0.15mm,Y,Venous,-,-
SR386_40X_HE_T505_01,2,41.261,0,505,1.0,1256,,74,M,ascending colon,ascending colon,WT,WT,WT,WT,WT,WT,NO LOSS,0,P,2,2A,pT3,N0,,A/C (focally mucinous in <10%),Mod,N,2mm,N,,-,-
SR386_40X_HE_T506_01,3,65.703,1,506,0.0,Alive,,55,F,rectum,rectum,WT,WT,WT,WT,WT,WT,NO LOSS,0,P,2,2A,pT3,N0,,A/C,Mod,N,-,N,,Y,N
SR386_40X_HE_T507_01,3,61.071,0,507,1.0,1859,,75,F,sigmoid colon,sigmoid colon,WT,WT,WT,WT,WT,WT,NO LOSS,0,P,3,3B,pT3,N1,,A/C,Mod (papillary architecture and mucinous differentiation),N,0.5mm,N,,-,-
SR386_40X_HE_T509_01,3,65.703,1,509,0.0,Alive,,73,M,sigmoid colon,sigmoid colon,WT,WT,WT,WT,WT,WT,NO LOSS,0,P,3,3B,pT3,N1,,A/C,Mod (predominantly),-,0.1mm,N,,-,-
SR386_40X_HE_T510_01,3,65.703,1,510,0.0,Alive,,79,M,caecum,caecum,M (G12V),WT,WT,WT,WT,WT,NO LOSS,0,P,2,2A,pT3,N0,,A/C,Mod,N,3mm,N,,-,-
SR386_40X_HE_T511_01,2,29.106,0,511,1.0,886,,75,M,lower rectum,rectum,M (G12D),WT,WT,WT,WT,WT,NO LOSS,0,P,2,2A,pT3,N0,,A/C,Well,N,-,N,,N,N
SR386_40X_HE_T514_01,3,65.703,1,514,0.0,Alive,,74,M,mid transverse colon,transverse colon,WT,WT,WT,WT,WT,WT,NO LOSS,0,P,2,2A,pT3,N0,,A/C,Mod,N,1.1mm,N,Intramural venous,-,-
SR386_40X_HE_T516_01,3,46.288,0,516,1.0,1409,,81,M,hepatic flexure,hepatic flexure,WT,WT,WT,M (G12D),WT,WT,NO LOSS,0,P,2,2A,pT3,N0,,A/C,Mod,N,>5mm,N,Intramural venous invasion present,-,-
SR386_40X_HE_T517_01,2,37.976,0,517,1.0,1156,,75,F,caecum,caecum,WT,WT,WT,WT,WT,WT,NO LOSS,0,P,3,3B,pT3,N1,,A/C (Mucinous),Mod,N,<1mm,N,,-,-
SR386_40X_HE_T518_01,3,65.703,1,518,0.0,Alive,,71,F,rectum,rectum,M (G12D),WT,WT,WT,WT,WT,NO LOSS,0,P,3,3B,pT3,N1,,A/C,Mod,N,,Y,Venous,Y,N
SR386_40X_HE_T519_01,3,65.703,1,519,0.0,Alive,,77,M,rectum,rectum,WT,WT,WT,WT,WT,WT,NO LOSS,0,P,2,2A,ypT3,N0,,A/C,Mod,N,-,Y,Venous,N,Y
SR386_40X_HE_T520_01,3,65.703,1,520,0.0,Alive,,83,M,sigmoid colon,sigmoid colon,WT,WT,WT,WT,WT,WT,"MLH1, PMS2 LOSS",1,P,3C,3C,pT3,N2,,A/C,Mod,N,<1mm,N,,-,-
SR386_40X_HE_T521_01,3,65.703,1,521,0.0,Alive,,79,F,rectosigmoid,rectum,WT,WT,WT,WT,WT,WT,NO LOSS,0,P,2,2A,pT3,N0,,A/C,Mod,N,>5mm,N,,-,-
SR386_40X_HE_T522_01,3,65.703,1,522,0.0,Alive,,50,M,sigmoid colon,sigmoid colon,WT,WT,WT,WT,WT,WT,NO LOSS,0,P,3C,3C,pT3,N2,,A/C,Mod,N,-,Y,Venous,-,-
SR386_40X_HE_T523_01,1,23.062,0,523,1.0,702,,75,M,ascending colon,ascending colon,M (G13D),WT,WT,WT,WT,WT,NO LOSS,0,P,2,2B,pT4,N0,,A/C,Mod,Y,-,N,,-,-
SR386_40X_HE_T524_01,3,65.703,1,524,0.0,Alive,,48,F,rectum,rectum,WT,M (Q61H),WT,WT,WT,WT,NO LOSS,0,P,3C,3C,pT4b,N2,,A/C,Mod to Poor,Y,0mm,Y,Venous,N,N
SR386_40X_HE_T526_01,3,59.823,0,526,1.0,1821,1.0,56,M,rectum,rectum,M (G12D),WT,WT,WT,WT,WT,NO LOSS,0,P,1,1,pT2,N0,,A/C,Mod,N,>10mm,N,,-,-
SR386_40X_HE_T528_01,3,65.703,1,528,0.0,Alive,,78,M,caecum,caecum,M (G12C),WT,WT,WT,WT,WT,NO LOSS,0,P,2,2A,pT3,N0,,A/C,Mod,N,0.7mm,Y,,Not specifed,-
SR386_40X_HE_T529_01,3,65.703,1,529,0.0,Alive,,68,F,sigmoid colon,sigmoid colon,M (G12V),WT,WT,WT,WT,WT,NO LOSS,0,P,3C,3C,pT4,N2,,A/C,Mod,Y,-,Y,Venous,-,-
SR386_40X_HE_T531_01,2,25.526,0,531,1.0,777,1.0,73,M,rectosigmoid,rectum,WT,WT,WT,WT,WT,WT,NO LOSS,0,P,3C,3C,pT3,N2,,A/C,Mod,N,1mm,Not identified,,N,N
SR386_40X_HE_T532_01,3,65.703,1,532,0.0,Alive,,40,F,ascending colon,ascending colon,WT,WT,WT,WT,WT,WT,NO LOSS,0,P,2,2A,pT3,N0,,A/C,Mod,N,0.2mm,N,,-,-
SR386_40X_HE_T533_01,1,20.795,0,533,1.0,633,1.0,56,F,caecum/ascending colon,caecum,M (G12D),WT,WT,WT,WT,WT,NO LOSS,0,P,3C,3C,pT4,N2,,A/C,Mod,Y,0mm,Y,Venous,-,-
SR386_40X_HE_T534_01,3,65.703,1,534,0.0,Alive,,76,M,sigmoid colon,sigmoid colon,WT,WT,WT,WT,WT,WT,NO LOSS,0,P,2,2A,pT3,N0,,A/C,Mod,N,2.5mm,N,,-,-
SR386_40X_HE_T535_01,3,65.703,1,535,0.0,Alive,,58,M,sigmoid colon,sigmoid colon,WT,WT,FAIL,WT,FAIL,WT,NO LOSS,0,P,2,2A,pT3,N0,,A/C,Mod,-,<0.5mm,Y,Extra and intramural venous,-,-
SR386_40X_HE_T536_01,3,65.703,1,536,0.0,Alive,,49,F,rectosigmoid,rectum,WT,WT,WT,WT,WT,WT,NO LOSS,0,P,3,3B,pT3,N1,,A/C,Mod,N,2mm,N,,-,-
SR386_40X_HE_T537_01,3,65.703,1,537,0.0,Alive,,85,M,caecum,caecum,M (G12D),WT,WT,WT,WT,WT,NO LOSS,0,P,3C,3C,pT3,N2,,A/C,Mod,N,0.1mm,Y,Venous,-,-
SR386_40X_HE_T539_01,0,9.428,0,539,1.0,287,1.0,55,F,ascending colon,ascending colon,WT,WT,WT,WT,WT,WT,NO LOSS,0,P,3C,3C,pT3,N2,,A/C,Poor,N,0.3mm,Y,Lymphatic and venous and intramural venous,-,-
SR386_40X_HE_T541_01,3,65.703,1,541,0.0,Alive,,38,F,sigmoid colon,sigmoid colon,WT,WT,WT,WT,WT,WT,NO LOSS,0,P,3,3B,pT3,N1,,A/C,Mod,N,<0.2mm,N,,-,-
SR386_40X_HE_T542_01,3,44.481,0,542,1.0,1354,1.0,59,F,upper rectum,rectum,M (G12D),WT,WT,WT,WT,WT,NO LOSS,0,P,3C,3C,pT4b,N2,,A/C,Poor,Y,0mm,Y,Venous,N,N
SR386_40X_HE_T543_01,3,65.703,1,543,0.0,Alive,,85,M,ascending colon,ascending colon,M (G12D),WT,WT,WT,WT,WT,NO LOSS,0,P,3C,3C,pT4b,N2,,A/C,Mod,Y,0mm,Y,Lymphatic and intramural venous,-,-
SR386_40X_HE_T544_01,3,65.703,1,544,0.0,Alive,,66,M,rectum,rectum,WT,WT,WT,WT,M (Q61L),WT,NO LOSS,0,P,2,2B,pT4,N0,,A/C,Mod,N,0.15mm,Not identified,,N,N
SR386_40X_HE_T548_01,3,56.57,0,548,1.0,1722,,81,F,ascending colon,ascending colon,WT,WT,WT,WT,WT,WT,PMS2 LOSS,1,P,2,2A,pT3,N0,,A/C,Mod,N?,-,N,,-,-
SR386_40X_HE_T549_01,1,19.58,0,549,1.0,596,,75,M,rectosigmoid,rectum,WT,WT,WT,WT,WT,WT,NO LOSS,0,P,1,1,pT2,N0,,A/C,Mod,N,About 5mm,N,,-,-
SR386_40X_HE_T550_01,3,65.703,1,550,0.0,Alive,,52,F,rectum,rectum,WT,WT,WT,WT,WT,M (R603Q) - LOW LEVEL),NO LOSS,0,P,2,2A,pT3,N0,,A/C,Poor,Not identified,6mm,Not identified,,Y,N
SR386_40X_HE_T551_01,3,51.938,0,551,1.0,1581,1.0,59,F,sigmoid colon,sigmoid colon,WT,WT,FAIL,WT,WT,WT,NO LOSS,0,P,2,2B,pT4b,N0,,A/C,Mod,Y,0mm,N,,-,-
SR386_40X_HE_T552_01,3,65.703,1,552,0.0,Alive,,60,M,ascending colon,ascending colon,M (G12D),WT,WT,WT,WT,WT,NO LOSS,0,P,3C,3C,pT3,N2,,A/C (Mucinous),Mod,N,0.1mm,N,,-,-
SR386_40X_HE_T553_01,2,36.268,0,553,1.0,1104,1.0,69,F,rectosigmoid,rectum,WT,WT,WT,WT,WT,WT,NO LOSS,0,P,4,4,pT,N0,M1,A/C,Well,N,0.6mm,N,,-,-
SR386_40X_HE_T554_01,3,65.703,1,554,0.0,Alive,,70,M,rectum,rectum,WT,WT,WT,WT,WT,WT,NO LOSS,0,P,3C,3C,ypT3,ypN2,,A/C,Mod,N,Not measured,N,,Y,N
SR386_40X_HE_T556_01,3,65.703,1,556,0.0,Alive,,65,F,ascending colon,ascending colon,WT,WT,WT,WT,WT,M (V600E) - LOW LEVEL ,"MLH1, PMS2 LOSS",1,P,2,2B,pT4a,N0,,A/C,Mod,N,0.5mm,Not identified,,-,-
SR386_40X_HE_T557_01,3,65.703,1,557,0.0,Alive,,49,F,lower descending colon,descending colon,WT,WT,WT,WT,WT,WT,NO LOSS,0,P,2,2A,pT3,N0,,A/C,Mod to Poor,N,0.3mm,Y,Extra and intramural venous,-,-
SR386_40X_HE_T558_01,1,21.945,0,558,1.0,668,,74,M,distal sigmoid colon,sigmoid colon,M (G12V),WT,WT,WT,WT,WT,NO LOSS,0,P,3,3B,pT4b,N1,,A/C,Mod,Y,0mm,Y,Venous,-,Not specifed
SR386_40X_HE_T560_01,3,65.703,1,560,0.0,Alive,,76,M,caecum,caecum,M (G12V),WT,WT,WT,WT,WT,NO LOSS,0,P,2,2B,pT4b,N0,,A/C (mucinous),Mod,Y,,Not identified,,-,-
SR386_40X_HE_T563_01,3,65.703,1,563,0.0,Alive,,55,M,rectosigmoid,rectum,WT,WT,WT,WT,WT,WT,NO LOSS,0,P,2,2B,pT4b,N0,,A/C,Mod,Y,0mm,Y,Venous,-,-
SR386_40X_HE_T564_01,2,34.034,0,564,1.0,1036,1.0,62,M,sigmoid colon,sigmoid colon,M (G12D),WT,WT,WT,WT,WT,NO LOSS,0,P,3C,3C,pT3,N2,,A/C (Mucinous),Mod,N,6mm,Y,Venous and lymphatic,-,-
SR386_40X_HE_T565_01,2,40.21,0,565,1.0,1224,,56,M,upper rectum,rectum,WT,WT,WT,WT,WT,WT,NO LOSS,0,P,2,2A,pT3,N0,,A/C,Well,N,5mm,N,,N,N
SR386_40X_HE_T567_01,3,65.703,1,567,0.0,Alive,,64,M,rectum,rectum,WT,WT,WT,WT,WT,WT,NO LOSS,0,P,3,3B,pT3,N1,,A/C,Well,N,-,Y,Extra and intramural venous,Y,N
SR386_40X_HE_T568_01,3,65.703,1,568,0.0,Alive,,68,M,splenic flexure,splenic flexure,M (G12S),WT,WT,WT,WT,WT,NO LOSS,0,P,2,2A,pT3,N0,Mx,A/C,Mod,N,4mm,N,,-,-
SR386_40X_HE_T569_01,1,14.52,0,569,1.0,442,,79,M,caecum,caecum,WT,WT,WT,WT,WT,WT,NO LOSS,0,P,2,2A,pT3,N0,,A/C,Mod,N,0.3mm,N,,-,-
SR386_40X_HE_T570_01,3,65.703,1,570,0.0,Alive,,65,F,caecum,caecum,M (G13D),WT,WT,WT,WT,WT,NO LOSS,0,P,2,2A,pT3,N0,,A/C,Focally poor but overall mod,N,-,N,,-,-
SR386_40X_HE_T571_01,3,65.703,1,571,0.0,Alive,,84,F,rectum,rectum,M (G12D),WT,WT,WT,WT,WT,NO LOSS,0,P,3,3B,pT4b,N1,,A/C,Mod,Y,0mm,N,,N,N
SR386_40X_HE_T572_01,3,65.703,1,572,0.0,Alive,,78,F,caecum,caecum,M (G12C),WT,WT,WT,WT,WT,NO LOSS,0,P,2,2A,pT3,N0,,A/C,Mod,N,0.5mm,N,,-,-
SR386_40X_HE_T573_01,3,65.703,1,573,0.0,Alive,,76,F,splenic flexure,splenic flexure,WT,M (Q61L),WT,WT,WT,WT,NO LOSS,0,P,3,3A,pT2,N1,,A/C (mucinous),Well,N,2.5mm,Not identified,,-,Not specifed
SR386_40X_HE_T574_01,3,65.703,1,574,0.0,Alive,,74,F,caecum,caecum,WT,WT,WT,WT,M (Q61R),WT,NO LOSS,0,P,2,2A,pT3,N0,,A/C,Mod,N,>5mm,N,,-,-
SR386_40X_HE_T575_01,0,5.223,0,575,1.0,159,1.0,95,F,ascending colon,ascending colon,WT,WT,WT,WT,WT,WT,NO LOSS,0,P,3C,3C,pT3,N2,,A/C,Poor,N,0.1mm,Y,Venous and lymphatic,-,-
SR386_40X_HE_T576_01,3,65.703,1,576,0.0,Alive,,46,M,rectum,rectum,M (G12S),WT,WT,WT,WT,WT,NO LOSS,0,P,1,1,pT1,N0,,A/C,Mod,N,4.5mm,N,"Intramural present, extramural not identified",-,-
SR386_40X_HE_T578_01,3,65.703,1,578,0.0,Alive,,49,F,rectum,rectum,M (G12C),WT,WT,WT,WT,WT,NO LOSS,0,P,3,3B,pT3,N1,,A/C,Mod,N,8mm,N,,-,N
SR386_40X_HE_T580_01,2,37.714,0,580,1.0,1148,1.0,37,M,descending colon,descending colon,WT,WT,FAIL,M (G12A),WT,WT,NO LOSS,0,P,3C,3C,pT4b,N2,,A/C,Mod,Y,0mm,Y,Venous,-,-
SR386_40X_HE_T581_01,3,55.618,0,581,1.0,1693,1.0,72,M,rectum,rectum,WT,WT,WT,WT,WT,WT,NO LOSS,0,P,3C,3C,ypT3,ypN2,,A/C,Mod,N,0.1mm,Y,Extra and intramural venous,N,Y
SR386_40X_HE_T582_01,3,42.576,0,582,1.0,1296,1.0,58,M,hepatic flexure,hepatic flexure,WT,WT,WT,WT,WT,WT,NO LOSS,0,P,1,1,pT2,N0,,A/C,Mod,N,2mm,N,,-,-
SR386_40X_HE_T583_01,3,65.703,1,583,0.0,Alive,,87,F,sigmoid colon,sigmoid colon,WT,WT,WT,WT,WT,WT,NO LOSS,0,P,2,2A,pT3,N0,,A/C,Mod,-,1mm,N,Intramural venous,-,-
