,case_id,er,pr,her2,labels_er,labels_er_2cls,labels_pr_2cls,labels_her2
0,SR1852-001,6,7,1+,3,1,1,0
1,SR1852-002,8,7,1+,4,1,1,0
2,SR1852-003,8,0,2+,4,1,0,1
3,SR1852-004,8,7,1+,4,1,1,0
4,SR1852-005,8,8,1+,4,1,1,0
5,SR1852-006,7,7,1+,4,1,1,0
6,SR1852-007,7,7,2+,4,1,1,1
7,SR1852-008,0,0,1+,0,0,0,0
8,SR1852-009,6,0,3+,3,1,0,2
9,SR1852-010,8,3,1+,4,1,1,0
10,SR1852-011,2,0,1+,1,0,0,0
11,SR1852-012,8,7,1+,4,1,1,0
12,SR1852-013,8,8,2+,4,1,1,1
13,SR1852-014,8,8,1+,4,1,1,0
14,SR1852-015,8,8,1+,4,1,1,0
15,SR1852-016,7,6,2+,4,1,1,1
16,SR1852-017,7,6,1+,4,1,1,0
17,SR1852-018,7,0,2+,4,1,0,1
18,SR1852-019,7,7,3+,4,1,1,2
19,SR1852-020,8,7,1+,4,1,1,0
20,SR1852-021,0,0,3+,0,0,0,2
21,SR1852-022,8,8,2+,4,1,1,1
22,SR1852-023,7,7,1+,4,1,1,0
23,SR1852-024,0,0,2+,0,0,0,1
24,SR1852-025,8,5,2+,4,1,1,1
25,SR1852-026,8,8,1+,4,1,1,0
26,SR1852-027,8,5,1+,4,1,1,0
27,SR1852-028,0,0,1+,0,0,0,0
28,SR1852-029,7,6,2+,4,1,1,1
29,SR1852-030,8,7,2+,4,1,1,1
30,SR1852-031,8,4,2+,4,1,1,1
31,SR1852-032,8,0,1+,4,1,0,0
32,SR1852-033,8,6,1+,4,1,1,0
33,SR1852-034,8,7,0,4,1,1,0
34,SR1852-035,8,0,1+,4,1,0,0
35,SR1852-036,8,7,1+,4,1,1,0
36,SR1852-038,8,8,1+,4,1,1,0
37,SR1852-039,8,6,0,4,1,1,0
38,SR1852-040,8,5,2+,4,1,1,1
39,SR1852-041,8,8,0,4,1,1,0
40,SR1852-042,8,7,1+,4,1,1,0
41,SR1852-043,8,7,1+,4,1,1,0
42,SR1852-044,8,7,1+,4,1,1,0
43,SR1852-045,7,3,1+,4,1,1,0
44,SR1852-046,7,2,2+,4,1,0,1
45,SR1852-047,8,3,2+,4,1,1,1
46,SR1852-048,8,7,1+,4,1,1,0
47,SR1852-049,8,8,0,4,1,1,0
48,SR1852-050,8,8,2+,4,1,1,1
49,SR1852-051,7,7,1+,4,1,1,0
50,SR1852-053,8,7,3+,4,1,1,2
51,SR1852-054,8,8,1+,4,1,1,0
52,SR1852-055,7,8,1+,4,1,1,0
53,SR1852-056,8,5,0,4,1,1,0
54,SR1852-058,8,8,1+,4,1,1,0
55,SR1852-059,8,6,1+,4,1,1,0
56,SR1852-060,7,8,2+,4,1,1,1
57,SR1852-061,8,7,1+,4,1,1,0
58,SR1852-062,8,7,1+,4,1,1,0
59,SR1852-063,8,6,2+,4,1,1,1
60,SR1852-064,8,8,0,4,1,1,0
61,SR1852-065,8,8,1+,4,1,1,0
62,SR1852-066,6,7,1+,3,1,1,0
63,SR1852-067,2,3,0,1,0,1,0
64,SR1852-068,8,6,1+,4,1,1,0
65,SR1852-069,8,6,1+,4,1,1,0
66,SR1852-070,8,8,1+,4,1,1,0
67,SR1852-071,8,6,2+,4,1,1,1
68,SR1852-073,8,0,0,4,1,0,0
69,SR1852-074,8,6,1+,4,1,1,0
70,SR1852-075,8,6,1+,4,1,1,0
71,SR1852-078,7,7,3+,4,1,1,2
72,SR1852-079,8,3,2+,4,1,1,1
73,SR1852-080,8,8,2+,4,1,1,1
74,SR1852-081,0,0,2+,0,0,0,1
75,SR1852-082,7,7,0,4,1,1,0
76,SR1852-083,8,4,1+,4,1,1,0
77,SR1852-084,8,7,2+,4,1,1,1
78,SR1852-085,8,4,2+,4,1,1,1
79,SR1852-086,0,0,1+,0,0,0,0
80,SR1852-087,0,0,3+,0,0,0,2
81,SR1852-088,7,8,1+,4,1,1,0
82,SR1852-089,8,6,1+,4,1,1,0
83,SR1852-090,7,7,1+,4,1,1,0
84,SR1852-091,0,0,0,0,0,0,0
85,SR1852-092,8,4,3+,4,1,1,2
86,SR1852-093,8,7,1+,4,1,1,0
87,SR1852-094,8,0,2+,4,1,0,1
88,SR1852-095,8,4,1+,4,1,1,0
89,SR1852-096,8,6,1+,4,1,1,0
90,SR1852-097,8,8,2+,4,1,1,1
91,SR1852-099,0,0,3+,0,0,0,2
92,SR1852-100,7,8,1+,4,1,1,0
93,SR1852-101,8,8,1+,4,1,1,0
94,SR1852-102,8,7,2+,4,1,1,1
95,SR1852-103,8,8,1+,4,1,1,0
96,SR1852-104,8,8,0,4,1,1,0
97,SR1852-105,7,8,1+,4,1,1,0
98,SR1852-106,8,0,1+,4,1,0,0
99,SR1852-107,8,7,1+,4,1,1,0
100,SR1852-109,0,0,1+,0,0,0,0
101,SR1852-110,3,2,2+,2,1,0,1
102,SR1852-111,8,7,2+,4,1,1,1
103,SR1852-112,7,7,2+,4,1,1,1
104,SR1852-113,8,8,0,4,1,1,0
105,SR1852-114,7,8,1+,4,1,1,0
106,SR1852-115,8,7,1+,4,1,1,0
107,SR1852-116,8,7,1+,4,1,1,0
108,SR1852-117,0,0,2+,0,0,0,1
109,SR1852-118,2,0,2+,1,0,0,1
110,SR1852-119,8,8,1+,4,1,1,0
111,SR1852-120,0,0,2+,0,0,0,1
112,SR1852-121,8,7,1+,4,1,1,0
113,SR1852-122,5,0,1+,3,1,0,0
114,SR1852-123,8,8,2+,4,1,1,1
115,SR1852-124,8,7,1+,4,1,1,0
116,SR1852-125,7,4,1+,4,1,1,0
117,SR1852-126,4,0,3+,2,1,0,2
118,SR1852-127,7,7,1+,4,1,1,0
119,SR1852-128,8,5,0,4,1,1,0
120,SR1852-129,2,0,0,1,0,0,0
121,SR1852-130,0,0,1+,0,0,0,0
122,SR1852-131,0,0,2+,0,0,0,1
123,SR1852-132,8,0,1+,4,1,0,0
124,SR1852-133,7,8,1+,4,1,1,0
125,SR1852-134,7,0,1+,4,1,0,0
126,SR1852-135,7,7,1+,4,1,1,0
127,SR1852-136,4,0,1+,2,1,0,0
128,SR1852-137,7,0,1+,4,1,0,0
129,SR1852-138,8,5,1+,4,1,1,0
130,SR1852-139,7,6,1+,4,1,1,0
131,SR1852-140,8,5,1+,4,1,1,0
132,SR1852-141,4,2,0,2,1,0,0
133,SR1852-142,8,6,1+,4,1,1,0
134,SR1852-143,7,8,1+,4,1,1,0
135,SR1852-144,8,8,2+,4,1,1,1
136,SR1852-145,8,6,1+,4,1,1,0
137,SR1852-146,8,8,0,4,1,1,0
138,SR1852-147,7,0,3+,4,1,0,2
139,SR1852-148,8,5,2+,4,1,1,1
140,SR1852-149,8,8,1+,4,1,1,0
141,SR1852-150,8,6,2+ ,4,1,1,1
142,SR1852-151,3,3,1+,2,1,1,0
143,SR1852-152,7,0,3+,4,1,0,2
144,SR1852-153,4,0,3+,2,1,0,2
145,SR1852-154,6,0,3+,3,1,0,2
146,SR1852-155,8,3,1+,4,1,1,0
147,SR1852-156,8,5,1+,4,1,1,0
148,SR1852-157,8,6,1+,4,1,1,0
149,SR1852-158,7,8,2+ ,4,1,1,1
150,SR1852-159,6,4,3+,3,1,1,2
151,SR1852-160,8,8,1+,4,1,1,0
152,SR1852-161,0,0,1+,0,0,0,0
153,SR1852-162,0,0,0,0,0,0,0
154,SR1852-163,8,6,1+,4,1,1,0
155,SR1852-164,7,7,1+,4,1,1,0
156,SR1852-165,7,6,1+,4,1,1,0
157,SR1852-166,0,0,3+,0,0,0,2
158,SR1852-167,7,8,1+,4,1,1,0
159,SR1852-168,8,0,1+,4,1,0,0
160,SR1852-169,8,8,1+,4,1,1,0
161,SR1852-171,0,0,1+,0,0,0,0
162,SR1852-172,0,0,1+,0,0,0,0
163,SR1852-173,8,5,1+,4,1,1,0
164,SR1852-174,8,6,1+,4,1,1,0
165,SR1852-175,0,0,2+,0,0,0,1
166,SR1852-177,8,8,1+,4,1,1,0
167,SR1852-178,8,8,1+,4,1,1,0
168,SR1852-179,6,8,1+,3,1,1,0
169,SR1852-180,8,8,2+,4,1,1,1
170,SR1852-181,8,4,1+,4,1,1,0
171,SR1852-184,8,4,1+,4,1,1,0
172,SR1852-185,8,7,1+,4,1,1,0
173,SR1852-186,8,4,1+,4,1,1,0
174,SR1852-187,8,7,1+,4,1,1,0
175,SR1852-188,0,0,1+,0,0,0,0
176,SR1852-189,8,6,1+,4,1,1,0
177,SR1852-190,8,6,3+,4,1,1,2
178,SR1852-191,8,3,1+,4,1,1,0
179,SR1852-192,0,0,1+,0,0,0,0
180,SR1852-193,8,8,1+,4,1,1,0
181,SR1852-194,0,0,2+,0,0,0,1
182,SR1852-195,6,0,1+,3,1,0,0
183,SR1852-196,7,8,1+,4,1,1,0
184,SR1852-197,8,6,1+,4,1,1,0
185,SR1852-198,8,8,1+,4,1,1,0
186,SR1852-199,8,6,1+,4,1,1,0
187,SR1852-200,7,8,1+,4,1,1,0
188,SR1852-201,7,7,2+,4,1,1,1
189,SR1852-202,7,5,1+,4,1,1,0
190,SR1852-203,7,8,1+,4,1,1,0
191,SR1852-204,8,6,1+,4,1,1,0
192,SR1852-205,0,0,1+,0,0,0,0
193,SR1852-206,8,5,2+,4,1,1,1
194,SR1852-207,8,8,0,4,1,1,0
195,SR1852-208,8,8,0,4,1,1,0
196,SR1852-209,7,6,1+,4,1,1,0
197,SR1852-210,8,8,0,4,1,1,0
198,SR1852-211,8,4,1+,4,1,1,0
199,SR1852-212,8,5,1+,4,1,1,0
200,SR1852-213,0,0,2+,0,0,0,1
201,SR1852-214,7,5,1+,4,1,1,0
202,SR1852-215,8,3,2+,4,1,1,1
203,SR1852-216,8,7,3+,4,1,1,2
204,SR1852-217,7,7,1+,4,1,1,0
205,SR1852-218,3,2,1+,2,1,0,0
206,SR1852-219,2,0,0,1,0,0,0
207,SR1852-220,0,0,0,0,0,0,0
208,SR1852-221,8,7,0,4,1,1,0
209,SR1852-222,8,5,1+,4,1,1,0
210,SR1852-223,7,8,1+,4,1,1,0
211,SR1852-224,7,8,1+,4,1,1,0
212,SR1852-225,8,8,1+,4,1,1,0
213,SR1852-226,7,0,3+,4,1,0,2
214,SR1852-227,8,0,0,4,1,0,0
215,SR1852-228,8,3,1+,4,1,1,0
216,SR1852-229,0,0,1+,0,0,0,0
217,SR1852-230,8,5,1+,4,1,1,0
218,SR1852-231,7,6,2+,4,1,1,1
219,SR1852-232,8,8,1+,4,1,1,0
220,SR1852-233,8,5,1+,4,1,1,0
221,SR1852-234,0,0,1+,0,0,0,0
222,SR1852-235,8,8,1+,4,1,1,0
223,SR1852-236,0,0,0,0,0,0,0
224,SR1852-237,6,6,1+,3,1,1,0
225,SR1852-238,8,6,2+,4,1,1,1
226,SR1852-239,4,0,1+,2,1,0,0
227,SR1852-240,8,8,2+,4,1,1,1
228,SR1852-241,8,7,0,4,1,1,0
229,SR1852-242,7,3,1+,4,1,1,0
230,SR1852-243,8,3,2+,4,1,1,1
231,SR1852-244,7,6,0,4,1,1,0
232,SR1852-245,8,7,1+,4,1,1,0
233,SR1852-246,8,8,1+,4,1,1,0
234,SR1852-247,8,7,2+,4,1,1,1
235,SR1852-248,8,0,1+,4,1,0,0
236,SR1852-249,7,8,1+,4,1,1,0
237,SR1852-250,8,6,2+,4,1,1,1
238,SR1852-251,8,7,1+,4,1,1,0
239,SR1852-252,8,7,2+,4,1,1,1
240,SR1852-253,8,8,1+,4,1,1,0
241,SR1852-256,8,8,1+,4,1,1,0
242,SR1852-257,8,4,1+,4,1,1,0
243,SR1852-265,8,4,1+,4,1,1,0
244,SR1852-269,7,5,0,4,1,1,0
245,SR1852-270,8,3,2+,4,1,1,1
246,SR1852-271,8,8,1+,4,1,1,0
247,SR1852-274,8,7,1+,4,1,1,0
248,SR1852-275,0,0,2+,0,0,0,1
249,SR1852-276,0,0,0,0,0,0,0
250,SR1852-277,8,8,1+,4,1,1,0
251,SR1852-278,8,3,3+,4,1,1,2
252,SR1852-279,8,5,1+,4,1,1,0
253,SR1852-280,8,8,1+,4,1,1,0
254,SR1852-281,8,2,1+,4,1,0,0
255,SR1852-282,8,8,1+,4,1,1,0
256,SR1852-283,7,6,2+,4,1,1,1
257,SR1852-285,8,8,2+,4,1,1,1
258,SR1852-288,7,7,1+,4,1,1,0
259,SR1852-289,8,8,2+,4,1,1,1
260,SR1852-300,8,8,1+,4,1,1,0
261,SR1852-301,7,8,2+,4,1,1,1
262,SR1852-302,0,0,2+,0,0,0,1
263,SR1852-303,7,0,3+,4,1,0,2
264,SR1852-306,0,2,1+,0,0,0,0
265,SR1852-309,0,0,2+,0,0,0,1
266,SR1852-311,7,3,1+,4,1,1,0
267,SR1852-325,8,3,3+,4,1,1,2
268,SR1852-326,8,8,1+,4,1,1,0
269,SR1852-327,8,5,2+,4,1,1,1
270,SR1852-328,8,6,1+,4,1,1,0
271,SR1852-329,0,0,0,0,0,0,0
272,SR1852-330,8,7,1+,4,1,1,0
273,SR1852-331,8,2,1+,4,1,0,0
274,SR1852-332,8,8,1+,4,1,1,0
275,SR1852-333,8,8,1+,4,1,1,0
276,SR1852-334,8,7,1+,4,1,1,0
277,SR1852-335,8,7,1+,4,1,1,0
278,SR1852-336,2,0,0,1,0,0,0
279,SR1852-337,8,7,1+,4,1,1,0
280,SR1852-338,8,5,1+,4,1,1,0
281,SR1852-339,8,6,1+,4,1,1,0
282,SR1852-340,8,8,0,4,1,1,0
283,SR1852-341,0,0,1+,0,0,0,0
284,SR1852-342,8,6,0,4,1,1,0
285,SR1852-343,8,4,2+,4,1,1,1
286,SR1852-344,8,8,1+,4,1,1,0
287,SR1852-345,2,0,1+,1,0,0,0
288,SR1852-346,8,7,2+,4,1,1,1
289,SR1852-347,8,8,1+,4,1,1,0
290,SR1852-348,8,7,1+,4,1,1,0
291,SR1852-349,6,5,2+,3,1,1,1
292,SR1852-350,8,7,2+,4,1,1,1
293,SR1852-351,8,8,1+,4,1,1,0
294,SR1852-352,8,4,1+,4,1,1,0
295,SR1852-353,8,8,3+,4,1,1,2
296,SR1852-354,8,7,1+,4,1,1,0
297,SR1852-355,8,2,2+,4,1,0,1
298,SR1852-356,8,6,1+,4,1,1,0
299,SR1852-357,8,4,1+,4,1,1,0
300,SR1852-358,7,6,2+,4,1,1,1
301,SR1852-359,8,6,1+,4,1,1,0
302,SR1852-360,0,0,1+,0,0,0,0
303,SR1852-361,8,4,1+,4,1,1,0
304,SR1852-362,0,0,3+,0,0,0,2
305,SR1852-363,8,7,1+,4,1,1,0
306,SR1852-364,8,8,1+,4,1,1,0
307,SR1852-365,8,2,1+,4,1,0,0
308,SR1852-366,8,7,1+,4,1,1,0
309,SR1852-367,8,5,1+,4,1,1,0
310,SR1852-369,8,0,1+,4,1,0,0
311,SR1852-370,8,7,0,4,1,1,0
312,SR1852-371,0,0,2+,0,0,0,1
313,SR1852-372,8,0,1+,4,1,0,0
314,SR1852-374,7,7,1+,4,1,1,0
315,SR1852-375,8,7,1+,4,1,1,0
316,SR1852-376,8,4,1+,4,1,1,0
317,SR1852-377,0,0,3+,0,0,0,2
318,SR1852-378,8,3,1+,4,1,1,0
319,SR1852-379,8,7,1+,4,1,1,0
320,SR1852-380,8,6,1+,4,1,1,0
321,SR1852-381,0,0,2+,0,0,0,1
322,SR1852-382,8,8,0,4,1,1,0
323,SR1852-383,8,0,0,4,1,0,0
324,SR1852-384,8,8,0,4,1,1,0
325,SR1852-385,0,0,1+,0,0,0,0
326,SR1852-386,2,0,1+,1,0,0,0
327,SR1852-387,8,7,2+,4,1,1,1
328,SR1852-388,8,6,1+,4,1,1,0
329,SR1852-389,8,5,2+,4,1,1,1
330,SR1852-390,8,5,1+,4,1,1,0
331,SR1852-391,8,7,1+,4,1,1,0
332,SR1852-392,8,7,2+,4,1,1,1
333,SR1852-393,0,0,1+,0,0,0,0
334,SR1852-394,8,7,1+,4,1,1,0
335,SR1852-395,8,8,1+,4,1,1,0
336,SR1852-396,7,8,1+,4,1,1,0
337,SR1852-397,0,0,1+,0,0,0,0
338,SR1852-398,7,0,1+,4,1,0,0
339,SR1852-399,2,0,3+,1,0,0,2
340,SR1852-401,8,7,2+,4,1,1,1
341,SR1852-402,8,7,1+,4,1,1,0
342,SR1852-403,8,7,1+,4,1,1,0
343,SR1852-404,8,8,1+,4,1,1,0
344,SR1852-406,8,7,1+,4,1,1,0
345,SR1852-407,8,6,1+,4,1,1,0
346,SR1852-408,8,8,1+,4,1,1,0
347,SR1852-409,8,7,2+,4,1,1,1
348,SR1852-410,8,8,1+,4,1,1,0
349,SR1852-411,0,0,0,0,0,0,0
350,SR1852-412,7,4,2+,4,1,1,1
351,SR1852-413,2,0,0,1,0,0,0
352,SR1852-414,5,0,0,3,1,0,0
353,SR1852-415,7,4,0,4,1,1,0
354,SR1852-417,8,3,2+,4,1,1,1
355,SR1852-418,8,8,2+,4,1,1,1
356,SR1852-419,8,0,1+,4,1,0,0
357,SR1852-420,7,7,1+,4,1,1,0
358,SR1852-421,0,0,2+,0,0,0,1
359,SR1852-422,8,3,1+,4,1,1,0
360,SR1852-423,8,8,2+,4,1,1,1
361,SR1852-424,0,0,1+,0,0,0,0
362,SR1852-425,8,7,2+,4,1,1,1
363,SR1852-426,8,8,1+,4,1,1,0
364,SR1852-427,0,0,2+,0,0,0,1
365,SR1852-428,8,6,2+,4,1,1,1
366,SR1852-429,8,7,1+,4,1,1,0
367,SR1852-430,8,7,1+,4,1,1,0
368,SR1852-431,8,7,1+,4,1,1,0
369,SR1852-432,4,2,2+,2,1,0,1
370,SR1852-433,8,7,1+,4,1,1,0
371,SR1852-434,8,8,1+,4,1,1,0
372,SR1852-435,8,8,1+,4,1,1,0
373,SR1852-436,5,4,1+,3,1,1,0
374,SR1852-437,8,6,1+,4,1,1,0
375,SR1852-438,7,7,1+,4,1,1,0
376,SR1852-439,8,8,1+,4,1,1,0
377,SR1852-440,7,5,0,4,1,1,0
378,SR1852-441,8,6,2+,4,1,1,1
379,SR1852-442,0,0,2+,0,0,0,1
380,SR1852-443,8,8,2+,4,1,1,1
381,SR1852-444,7,2,1+,4,1,0,0
382,SR1852-445,7,4,1+,4,1,1,0
383,SR1852-446,8,4,1+,4,1,1,0
384,SR1852-447,8,0,0,4,1,0,0
385,SR1852-448,7,6,1+,4,1,1,0
386,SR1852-449,8,5,2+,4,1,1,1
387,SR1852-450,8,7,1+,4,1,1,0
388,SR1852-451,2,0,2+ ,1,0,0,1
389,SR1852-452,7,7,1+,4,1,1,0
390,SR1852-453,8,6,1+,4,1,1,0
391,SR1852-454,8,8,2+,4,1,1,1
392,SR1852-455,8,7,1+,4,1,1,0
393,SR1852-456,2,0,0,1,0,0,0
394,SR1852-457,8,3,1+,4,1,1,0
395,SR1852-458,7,8,0,4,1,1,0
396,SR1852-459,7,6,1+,4,1,1,0
397,SR1852-460,8,8,1+,4,1,1,0
398,SR1852-461,8,6,1+,4,1,1,0
399,SR1852-462,4,0,3+,2,1,0,2
400,SR1852-463,8,0,1+,4,1,0,0
401,SR1852-464,7,3,1+,4,1,1,0
402,SR1852-465,3,0,3+,2,1,0,2
403,SR1852-466,0,2,1+,0,0,0,0
404,SR1852-467,8,7,1+,4,1,1,0
405,SR1852-468,8,0,1+,4,1,0,0
406,SR1852-469,7,7,2+,4,1,1,1
407,SR1852-470,8,0,2+,4,1,0,1
408,SR1852-471,8,8,1+,4,1,1,0
409,SR1852-473,7,7,1+,4,1,1,0
410,SR1852-474,7,7,1+,4,1,1,0
411,SR1852-475,8,7,1+,4,1,1,0
412,SR1852-476,8,8,1+,4,1,1,0
413,SR1852-477,8,4,1+,4,1,1,0
414,SR1852-478,8,5,1+,4,1,1,0
415,SR1852-482,8,8,1+,4,1,1,0
416,SR1852-483,8,7,1+,4,1,1,0
417,SR1852-485,8,8,1+,4,1,1,0
418,SR1852-487,8,7,1+,4,1,1,0
419,SR1852-488,8,4,2+,4,1,1,1
420,SR1852-489,8,7,2+,4,1,1,1
421,SR1852-490,8,5,1+,4,1,1,0
422,SR1852-491,8,0,1+,4,1,0,0
423,SR1852-494,8,2,2+,4,1,0,1
424,SR1852-495,0,0,1+,0,0,0,0
425,SR1852-497,8,6,2+,4,1,1,1
426,SR1852-498,8,6,0,4,1,1,0
427,SR1852-499,2,3,2+,1,0,1,1
428,SR1852-500,2,0,1+,1,0,0,0
429,SR1852-501,8,5,2+,4,1,1,1
430,SR1852-037,8,7,1+,4,1,1,0
431,SR1852-098,7,4,2+,4,1,1,1
432,SR1852-108,0,0,3+,0,0,0,2
433,SR1852-182,8,8,1+,4,1,1,0
434,SR1852-254,8,7,2+,4,1,1,1
435,SR1852-255,7,6,3+,4,1,1,2
436,SR1852-258,8,6,1+,4,1,1,0
437,SR1852-259,3,5,1+,2,1,1,0
438,SR1852-260,8,8,2+,4,1,1,1
439,SR1852-261,8,0,2+ ,4,1,0,1
440,SR1852-262,6,3,3+,3,1,1,2
441,SR1852-263,0,0,3+,0,0,0,2
442,SR1852-264,8,7,2+,4,1,1,1
443,SR1852-266,8,4,1+,4,1,1,0
444,SR1852-267,7,0,0,4,1,0,0
445,SR1852-268,8,0,1+,4,1,0,0
446,SR1852-272,7,0,3+,4,1,0,2
447,SR1852-273,7,5,1+,4,1,1,0
448,SR1852-284,7,7,3+,4,1,1,2
449,SR1852-286,8,7,1+,4,1,1,0
450,SR1852-287,8,7,1+,4,1,1,0
451,SR1852-290,0,0,1+,0,0,0,0
452,SR1852-291,7,6,2+,4,1,1,1
453,SR1852-292,0,0,0,0,0,0,0
454,SR1852-293,8,6,2+,4,1,1,1
455,SR1852-294,6,7,3+,3,1,1,2
456,SR1852-295,3,0,3+,2,1,0,2
457,SR1852-297,8,0,1+,4,1,0,0
458,SR1852-298,8,5,1+,4,1,1,0
459,SR1852-299,0,0,3+,0,0,0,2
460,SR1852-304,0,0,2+,0,0,0,1
461,SR1852-305,7,5,1+,4,1,1,0
462,SR1852-308,0,0,1+,0,0,0,0
463,SR1852-310,3,0,1+,2,1,0,0
464,SR1852-312,0,0,1+,0,0,0,0
465,SR1852-313,0,0,1+,0,0,0,0
466,SR1852-314,8,0,2+ ,4,1,0,1
467,SR1852-315,0,0,1+,0,0,0,0
468,SR1852-316,2,0,3+,1,0,0,2
469,SR1852-317,4,0,3+,2,1,0,2
470,SR1852-318,0,0,1+,0,0,0,0
471,SR1852-319,2,0,0,1,0,0,0
472,SR1852-320,7,4,3+,4,1,1,2
473,SR1852-321,8,7,0,4,1,1,0
474,SR1852-322,8,8,3+,4,1,1,2
475,SR1852-323,7,7,1+,4,1,1,0
476,SR1852-324,0,0,0,0,0,0,0
477,SR1852-368,8,0,2+,4,1,0,1
478,SR1852-373,8,7,0,4,1,1,0
479,SR1852-400,8,7,2+,4,1,1,1
480,SR1852-405,8,8,0,4,1,1,0
481,SR1852-416,8,7,0,4,1,1,0
482,SR1852-472,8,4,1+,4,1,1,0
483,SR1852-479,7,8,2+,4,1,1,1
484,SR1852-480,8,8,1+,4,1,1,0
485,SR1852-481,8,8,2+,4,1,1,1
486,SR1852-484,8,8,1+,4,1,1,0
487,SR1852-486,5,3,2+,3,1,1,1
488,SR1852-492,8,0,1+,4,1,0,0
489,SR1852-493,8,3,2+,4,1,1,1
490,SR1852-496,8,7,1+,4,1,1,0
